county_id,YEAR,emp_rate_m,lfpr_m,fpl130_m,snap_m,income_m
26001,2016,0.102806260118726,0.400172767519706,0.221189735614308,0.612,38160
26003,2016,0.0761904761904762,0.426671592168452,0.197903763696999,0.549,41270
26005,2016,0.0473072248725716,0.621164831945556,0.173017271295481,0.383,55630
26007,2016,0.0782736997417927,0.564579949185722,0.226504833815539,0.445,39832
26009,2016,0.0781354475117012,0.541201406120761,0.193818579234973,0.525,48825
26011,2016,0.107785359801489,0.500038774718883,0.260080885765431,0.493,39240
26013,2016,0.0679799150251062,0.353206002728513,0.199079072721499,0.521,42810
26015,2016,0.0622566764565262,0.619895420962381,0.143979317547554,0.421,56883
26017,2016,0.0814742775484281,0.583114403101672,0.215693953577228,0.414,45851
26019,2016,0.0756362767355718,0.5736513811776,0.167947081350818,0.508,48694
26021,2016,0.0782344512842284,0.605916398713826,0.2473524299797,0.419,45980
26023,2016,0.0552600921845717,0.573891052845765,0.246683822101379,0.398,46428
26025,2016,0.0843523479357075,0.592242795281469,0.235694575030003,0.391,44681
26027,2016,0.0893950918771768,0.591484928133362,0.193849746983262,0.444,47991
26029,2016,0.0749008322314692,0.596474135931338,0.187608628181254,0.46,48603
26031,2016,0.125224378151979,0.539696452461134,0.245253854385478,0.513,41023
26033,2016,0.0997291887436713,0.530945236309077,0.254926006721302,0.398,42287
26035,2016,0.124563823744218,0.48860076920027,0.313604674324414,0.486,34911
26037,2016,0.0525053511101942,0.628965808084085,0.146804858554226,0.377,62646
26039,2016,0.10881448582166,0.504611671407637,0.237721369539551,0.482,41034
26041,2016,0.0752764055516349,0.568030733255387,0.236502641089797,0.461,42353
26043,2016,0.0686249895388735,0.559279194945004,0.217796809931641,0.443,43373
26045,2016,0.0672035347776511,0.639220107736285,0.158494454436451,0.393,56472
26047,2016,0.075068270292255,0.630739912778979,0.159148857547577,0.43,51096
26049,2016,0.119804256507773,0.567993067971711,0.273642988857502,0.384,43246
26051,2016,0.0933513121045535,0.457114408989616,0.27622009569378,0.502,39629
26053,2016,0.084886452623336,0.472577899489305,0.2763863281804,0.497,35833
26055,2016,0.058327403624796,0.647119369430375,0.146535057399622,0.408,55597
26057,2016,0.079825327510917,0.501928809398562,0.245540796963947,0.396,42145
26059,2016,0.0759676487579434,0.562012987012987,0.244998309859155,0.42,44458
26061,2016,0.073912229227792,0.533379948723071,0.295600011647885,0.408,39080
26063,2016,0.0659854404594938,0.563403070439494,0.20516088128071,0.477,43082
26065,2016,0.0887921127442086,0.636591939762129,0.27589679989477,0.317,46842
26067,2016,0.0815204560018888,0.582437874472056,0.214924031884974,0.37,50037
26069,2016,0.114784840110541,0.467494117104231,0.241295091186631,0.546,38900
26071,2016,0.0769394714407502,0.48,0.242651973624786,0.533,33137
26073,2016,0.0991642558662809,0.625169555388094,0.348836773568997,0.302,40706
26075,2016,0.0893061629944399,0.564050085213345,0.220126400267514,0.397,47709
26077,2016,0.0728241303107026,0.657686273377417,0.232548080388969,0.337,49693
26079,2016,0.0893571619098426,0.533931496119063,0.227838092990323,0.45,42612
26081,2016,0.0631848511742013,0.684815706112025,0.200701141050516,0.32,54673
26083,2016,0.0664488017429194,0.491171749598716,0.24997707473636,0.602,41472
26085,2016,0.121347723085022,0.390401808652759,0.358627575565036,0.581,30824
26087,2016,0.0915862859325757,0.586011500846474,0.164206198900642,0.402,54174
26089,2016,0.0659128249734223,0.555633122113629,0.126880823251286,0.579,59018
26091,2016,0.0738807726037946,0.585631967931855,0.204099764504389,0.406,49300
26093,2016,0.0547482634487654,0.661947817448331,0.0836839852406521,0.378,76764
26095,2016,0.133913043478261,0.417877906976744,0.272566371681416,0.506,38167
26097,2016,0.111801242236025,0.546689303904924,0.22459981600736,0.504,40747
26099,2016,0.0752229800629591,0.636168761851052,0.169860777746986,0.387,55951
26101,2016,0.106998720346491,0.492987819672927,0.219643475250952,0.521,42530
26103,2016,0.0712744331508991,0.564530367231638,0.21665870209309,0.409,46822
26105,2016,0.0974810716365754,0.585806891845786,0.240272387269776,0.455,43497
26107,2016,0.107490542244641,0.549351585014409,0.295436675789998,0.416,41827
26109,2016,0.0708928571428571,0.571837026447463,0.215577802709934,0.466,41235
26111,2016,0.0763273258645884,0.60938868193354,0.168748780487805,0.364,54852
26113,2016,0.0878587196467991,0.56871442919317,0.225598923283984,0.437,42077
26115,2016,0.0695667584589797,0.607592210653613,0.152813444108761,0.393,56968
26117,2016,0.0860891250135531,0.551120406334031,0.244912701186731,0.395,43126
26119,2016,0.137709923664122,0.404021712311868,0.241624918318449,0.563,37145
26121,2016,0.104306830402921,0.587795125106583,0.258973225906039,0.388,43920
26123,2016,0.0888299155609168,0.542255363683935,0.248605138850643,0.425,44049
26125,2016,0.0626308055731687,0.663311674949585,0.12921805659322,0.37,69850
26127,2016,0.0827187916481564,0.543273640005792,0.282699965206634,0.447,41952
26129,2016,0.107726167033476,0.488457621364717,0.276004636785162,0.496,36941
26131,2016,0.119443197126179,0.404835484457371,0.24557834290402,0.59,35038
26133,2016,0.0877703826955075,0.521248915871639,0.301506525356924,0.44,39247
26135,2016,0.103141859727071,0.451950659781985,0.27335823593204,0.551,35175
26137,2016,0.0681932985351069,0.603955865154828,0.18950292520729,0.435,50793
26139,2016,0.0528531750612874,0.682699885951655,0.140447042512132,0.348,61367
26141,2016,0.124245374878286,0.460786073223259,0.199420426065163,0.563,41570
26143,2016,0.140238416554206,0.427993839045052,0.277698207551167,0.553,35959
26145,2016,0.0953492746727452,0.57368390983362,0.245683043913179,0.414,43712
26147,2016,0.0913847137831788,0.604050441206015,0.19050224271906,0.403,50930
26149,2016,0.0658523081182089,0.610100071781447,0.219618191839393,0.401,45410
26151,2016,0.0917330832942647,0.570897519776364,0.215329457364341,0.447,42037
26153,2016,0.121037463976945,0.453726572715386,0.27823595365641,0.523,36649
26155,2016,0.088158295281583,0.59037075642938,0.201560748215023,0.397,48470
26157,2016,0.0837891399128022,0.573369997500171,0.22462372521515,0.425,44193
26159,2016,0.076458067262665,0.593131891254945,0.238662309895518,0.425,47141
26161,2016,0.0625513376378968,0.648368242582768,0.189333883518038,0.314,62484
26163,2016,0.129879332289015,0.587985556532589,0.309914220097643,0.375,42043
26165,2016,0.0820596426873174,0.566540948275862,0.267022853613342,0.421,40417
26001,2017,0.0930671702185055,0.400930131948951,0.224300886680308,0.628,39424
26003,2017,0.0694935217903416,0.425403983464863,0.197550327431482,0.575,42647
26005,2017,0.0356193229473384,0.627781138670431,0.158533345142149,0.381,58487
26007,2017,0.0640165203923593,0.566066880975243,0.216946858526856,0.443,40954
26009,2017,0.0610224870267154,0.538891765924392,0.191676909569798,0.543,50988
26011,2017,0.0959455277004023,0.50370254891262,0.252344790834,0.5,39947
26013,2017,0.0597805524025728,0.366269401330377,0.209180129850521,0.526,42757
26015,2017,0.0616486731914035,0.623620957254918,0.139411193126609,0.423,57312
26017,2017,0.0744433765817716,0.581169926806847,0.219187332858764,0.421,45983
26019,2017,0.0644495691224663,0.563543091655267,0.155098961054037,0.528,53185
26021,2017,0.0733327195970383,0.61084689664037,0.240112248485773,0.428,47132
26023,2017,0.0464610717896866,0.573749093546048,0.222183158768525,0.397,48192
26025,2017,0.0742927897895038,0.589870122573577,0.237804765847824,0.397,46213
26027,2017,0.077846446398859,0.601300650325163,0.179775060356841,0.448,50699
26029,2017,0.0614055751864939,0.58952874733821,0.16983227209194,0.476,51567
26031,2017,0.106558072452702,0.544660597939097,0.23504334685437,0.523,42876
26033,2017,0.0894689468946895,0.523004017072558,0.241007767965266,0.413,44030
26035,2017,0.114612718626582,0.491385797457325,0.306464231253729,0.492,35913
26037,2017,0.0433887487776005,0.628058833037013,0.132165226146423,0.378,64903
26039,2017,0.103544613235551,0.49387719903415,0.236284491662978,0.49,42666
26041,2017,0.0651264218777627,0.56692729216787,0.216262879420774,0.472,44639
26043,2017,0.060190251704689,0.5587751070135,0.218089101474483,0.453,45681
26045,2017,0.0581677861940832,0.634655721720201,0.154121373416298,0.401,59244
26047,2017,0.0605043961129107,0.635494780179386,0.166199622653181,0.43,51475
26049,2017,0.107855757880062,0.572193101762,0.264332738722935,0.394,45231
26051,2017,0.0742976066597295,0.454997395956631,0.278748203736229,0.512,40871
26053,2017,0.066916823014384,0.473883085130029,0.268263473053892,0.5,36689
26055,2017,0.0537317154255319,0.645805378133219,0.142981658074154,0.415,58229
26057,2017,0.0742472073822244,0.485470085470085,0.265345585748111,0.395,42256
26059,2017,0.0611749866589046,0.558012994044396,0.22820292735815,0.425,46160
26061,2017,0.0681262230919765,0.548007641006736,0.284541361348989,0.413,41379
26063,2017,0.0575150300601202,0.567281821971276,0.197646005245314,0.482,45191
26065,2017,0.0809749266471059,0.637408879348819,0.262301865933639,0.325,49109
26067,2017,0.0620079729322301,0.584374143533926,0.199940151615906,0.372,51980
26069,2017,0.0956565656565657,0.458588104502501,0.232438091403262,0.556,41414
26071,2017,0.056823073611709,0.480206718346253,0.216665145569043,0.544,36773
26073,2017,0.0840540540540541,0.619547562833844,0.333500085981834,0.312,42771
26075,2017,0.0761603894860644,0.569277600878183,0.204996105186817,0.399,49715
26077,2017,0.0656001158245258,0.661520337895433,0.224653376615617,0.346,51945
26079,2017,0.0868255631220534,0.540410474168436,0.238242142025611,0.459,43431
26081,2017,0.053979293680516,0.685698505994566,0.186930825392106,0.33,57302
26083,2017,0.0551876379690949,0.5,0.212994350282486,0.594,41118
26085,2017,0.1157523905385,0.399116199658532,0.346361783213684,0.577,32309
26087,2017,0.0740100791936645,0.582438778933244,0.158393763806484,0.413,56186
26089,2017,0.0633179368745189,0.564690539585937,0.116941374789286,0.582,62646
26091,2017,0.0593205980770045,0.590475952279719,0.194841320827444,0.409,51339
26093,2017,0.0463300259625254,0.660279197092417,0.0836774054519987,0.389,78430
26095,2017,0.117571611799915,0.426669098869026,0.25982492084187,0.504,41221
26097,2017,0.10441609421001,0.54944462417772,0.22183854409706,0.511,42559
26099,2017,0.0654420077380068,0.633980722526888,0.168144914251507,0.394,58175
26101,2017,0.0800901872365454,0.493684363354789,0.199178378378378,0.533,44882
26103,2017,0.0624293785310735,0.565003812800369,0.21259015765622,0.42,48491
26105,2017,0.0757282996432818,0.571549929915474,0.225755973778812,0.47,45524
26107,2017,0.087361618995141,0.553466966092767,0.290102984814104,0.426,43470
26109,2017,0.059494342291372,0.580459770114943,0.197737950234905,0.46,44480
26111,2017,0.0704239157069346,0.605049741286009,0.159328358208955,0.378,57117
26113,2017,0.0700703698158407,0.560836342262155,0.232367443431273,0.445,42370
26115,2017,0.0589090217598001,0.608325621364358,0.15483286333543,0.404,59479
26117,2017,0.0701311806256307,0.552991350791183,0.240788751144022,0.404,44651
26119,2017,0.127459618208517,0.421410891089109,0.217341924210986,0.576,39152
26121,2017,0.0892455339938589,0.589022238168811,0.250078460721356,0.395,46077
26123,2017,0.0772289560676472,0.545770688978952,0.242594397592914,0.43,45645
26125,2017,0.0534518848885837,0.662090407565303,0.122267103876979,0.378,73369
26127,2017,0.077427142610795,0.55516729692212,0.261104492525268,0.465,44382
26129,2017,0.100174114915844,0.491219067168434,0.262734610522221,0.497,38149
26131,2017,0.100044464206314,0.414027982326951,0.251206925253871,0.604,36073
26133,2017,0.0723527585136114,0.520920953305295,0.284584807583104,0.454,41099
26135,2017,0.118659987476518,0.460628785693683,0.2481652490887,0.536,36833
26137,2017,0.0634866163349348,0.591494976149396,0.204387691019468,0.44,50823
26139,2017,0.0442402949352996,0.683849643256058,0.136382573304967,0.361,63962
26141,2017,0.113676384269223,0.461781713046621,0.209365392195507,0.573,43758
26143,2017,0.129856850715746,0.423437725501515,0.276237665692627,0.589,37834
26145,2017,0.0820350399803723,0.571741001689674,0.243151619851985,0.417,45034
26147,2017,0.0755773893071328,0.604851469101405,0.181611625169302,0.413,53641
26149,2017,0.0534667717722864,0.61461493090664,0.215269601284453,0.405,47856
26151,2017,0.0774500575253635,0.569734529094539,0.214790432301953,0.447,44417
26153,2017,0.138985187519697,0.462873814733771,0.276078234704112,0.532,37428
26155,2017,0.071148628278565,0.595843288005892,0.190024392046714,0.405,50967
26157,2017,0.0740994163815657,0.56837939238653,0.228241094633848,0.433,45495
26159,2017,0.0655865703689245,0.602959226565784,0.232992551285678,0.422,49119
26161,2017,0.0538713441874573,0.647882679740739,0.179853851529763,0.324,65618
26163,2017,0.115808011396249,0.587961733711823,0.302188913186557,0.384,43702
26165,2017,0.07171581769437,0.573096719674272,0.260233918128655,0.43,42793
26001,2018,0.0892905314270299,0.40210434971255,0.229315578184667,0.642,39735
26003,2018,0.0654654654654655,0.41870992078461,0.187900355871886,0.595,46007
26005,2018,0.0316123348017621,0.627911351088195,0.152647975077882,0.386,59883
26007,2018,0.0598623166716552,0.559326999539614,0.212617372987254,0.456,41991
26009,2018,0.0533783783783784,0.532812178564082,0.180843985291543,0.549,52589
26011,2018,0.0955303745672018,0.498118532455315,0.250394754449351,0.511,40769
26013,2018,0.0638297872340426,0.413489736070381,0.227127211457456,0.502,42444
26015,2018,0.0518237388325385,0.617013780955341,0.130267343485618,0.427,61016
26017,2018,0.0693203303811325,0.585196832052178,0.212568036582654,0.435,48005
26019,2018,0.0554486408467645,0.564809782608696,0.154699769053118,0.534,56639
26021,2018,0.0635070098346935,0.614356189037618,0.232959665023586,0.434,49135
26023,2018,0.0452979327117957,0.570025705455911,0.222386642977097,0.407,50536
26025,2018,0.0699417942553461,0.591381455256339,0.230446427204971,0.41,47426
26027,2018,0.0667556742323097,0.604835645069352,0.164643830513127,0.454,53571
26029,2018,0.0445517563673183,0.592778983332564,0.164579051460038,0.484,53207
26031,2018,0.0811091854419411,0.530599108004966,0.218571144278607,0.533,46161
26033,2018,0.0916780031939433,0.5328563774465,0.246481033567341,0.429,44483
26035,2018,0.101276245368464,0.480153396062307,0.316108939102777,0.513,37369
26037,2018,0.0396278691441499,0.630192064331139,0.128421134663342,0.395,67482
26039,2018,0.0815085158150852,0.492721356396643,0.218852097130243,0.504,47443
26041,2018,0.053359087342307,0.554878253005995,0.204077054650478,0.475,46490
26043,2018,0.0435593220338983,0.558791495004025,0.196606929510155,0.466,48966
26045,2018,0.052662616154396,0.629726323370544,0.147789128327492,0.407,62474
26047,2018,0.0502806093231016,0.638581093435729,0.15588912422875,0.439,54055
26049,2018,0.098039944362451,0.576665442076904,0.260834231366229,0.403,47006
26051,2018,0.0698587960505362,0.446800436411935,0.259135442076219,0.524,43290
26053,2018,0.0561656730467524,0.476988700142184,0.25383676692269,0.513,38798
26055,2018,0.0484603216992954,0.647887136487656,0.14529248159773,0.423,61485
26057,2018,0.0674183424386842,0.508797350445042,0.245341790791188,0.402,44991
26059,2018,0.0501347708894879,0.552128148929837,0.22400289901026,0.431,48392
26061,2018,0.0651547655531719,0.545469742561016,0.280492122499557,0.413,42852
26063,2018,0.0538086202222825,0.563141625004771,0.193448741875282,0.492,46320
26065,2018,0.0711135103819669,0.637262963584494,0.256268359288508,0.329,50940
26067,2018,0.0524180137031863,0.589332967442225,0.193219888327572,0.377,54343
26069,2018,0.0813918905521959,0.467748666821238,0.229713825070536,0.548,42102
26071,2018,0.0603025783081185,0.487483120390568,0.219541816174441,0.551,38918
26073,2018,0.0755336172059342,0.614967642938155,0.326722003332659,0.325,44408
26075,2018,0.0680224500157809,0.566003883495146,0.196935113118522,0.407,51431
26077,2018,0.0597586505004894,0.664774724283041,0.216465220365252,0.351,54431
26079,2018,0.0752839096593084,0.550815293786899,0.230534703776418,0.467,46004
26081,2018,0.0482920165093999,0.68934368130993,0.17902057860521,0.338,60351
26083,2018,0.0601336302895323,0.48488120950324,0.170377358490566,0.596,49779
26085,2018,0.121518363322652,0.402799841143765,0.34331550802139,0.606,34631
26087,2018,0.0640728437253543,0.582552522032105,0.15467218899314,0.431,58952
26089,2018,0.0531822144725371,0.555507722111607,0.100116653445943,0.59,63831
26091,2018,0.0505233924375134,0.585029932635947,0.181297182691381,0.417,53972
26093,2018,0.0421463550306438,0.659644731582982,0.0797621911773355,0.403,80897
26095,2018,0.0571683787405092,0.410825688073395,0.228749058025622,0.507,42255
26097,2018,0.0974990230558812,0.550737113956742,0.218144407033296,0.513,46507
26099,2018,0.0572981792164546,0.636065141481548,0.162683854523382,0.404,60466
26101,2018,0.0715408805031447,0.490622438648088,0.182094974483176,0.551,47172
26103,2018,0.0610951548451549,0.570482110099913,0.213956607117199,0.427,50771
26105,2018,0.0606602578433564,0.567639593908629,0.210075124622622,0.49,49663
26107,2018,0.0695144468286841,0.552967797124645,0.275066491014392,0.437,44460
26109,2018,0.0436803789141303,0.588742576813839,0.190688915166645,0.454,45508
26111,2018,0.060189165950129,0.601682138000355,0.157283968683691,0.387,59271
26113,2018,0.0633006782215524,0.555927943024717,0.229484758564877,0.449,44766
26115,2018,0.0489762821812285,0.60917278624823,0.147603144081233,0.41,61514
26117,2018,0.0508134375660258,0.561502718734553,0.22634346373888,0.414,47000
26119,2018,0.115795905896731,0.40729218516675,0.234864805451748,0.581,42305
26121,2018,0.0738501511479751,0.584088488085336,0.233453638373894,0.406,48329
26123,2018,0.0606434469013951,0.548145450762108,0.246917743261186,0.434,46724
26125,2018,0.0480171243946655,0.661239754976366,0.117484528500301,0.387,76387
26127,2018,0.0735777278229293,0.552102725667096,0.2551795500709,0.471,46217
26129,2018,0.0803093396787626,0.478644646924829,0.250136665365092,0.504,40150
26131,2018,0.0718132854578097,0.418796992481203,0.240217206855591,0.622,38906
26133,2018,0.0690510647095307,0.518880068654795,0.272709773383498,0.458,42689
26135,2018,0.121052631578947,0.467912501810807,0.24128105211885,0.558,40255
26137,2018,0.056059428176557,0.581525015069319,0.201040756005162,0.44,52645
26139,2018,0.0387999686675892,0.687014547868047,0.119264761737809,0.367,67468
26141,2018,0.088884547763235,0.463929671923147,0.199746594868546,0.59,46439
26143,2018,0.113251605370695,0.41346850108617,0.259639578374703,0.613,40302
26145,2018,0.0750461693435559,0.570967535787321,0.23753607174657,0.421,46919
26147,2018,0.0672169360693951,0.604779255995255,0.181258638398235,0.422,55240
26149,2018,0.0517556322305663,0.620933016866559,0.215639731202568,0.401,50117
26151,2018,0.0703475628848763,0.570161866222328,0.226780682625634,0.455,45277
26153,2018,0.102744097000638,0.45791934541204,0.262758446797781,0.524,40747
26155,2018,0.0499253954043569,0.60075295804948,0.170714804010129,0.41,54742
26157,2018,0.0643073646268535,0.561370429983904,0.226237880387828,0.443,47694
26159,2018,0.0616646999094377,0.610777740529668,0.226110341674622,0.431,52351
26161,2018,0.0472971601404705,0.646260712142232,0.177131105636061,0.33,69434
26163,2018,0.101849543114449,0.589003324603071,0.296355832810894,0.39,45321
26165,2018,0.0605351170568562,0.570262435154104,0.241692397052979,0.439,44166
26001,2019,0.0760540093689722,0.394499402108925,0.231182058564293,0.64,40484
26003,2019,0.0520865062442888,0.414467870218407,0.174639200690761,0.611,45570
26005,2019,0.0275330012887047,0.629392551022645,0.149226480836237,0.393,62965
26007,2019,0.0598993040130312,0.565957090177674,0.20864876446222,0.465,43363
26009,2019,0.0382775119617225,0.535403217542781,0.167726182690211,0.55,56165
26011,2019,0.0709454145036967,0.500590597684857,0.23797093649085,0.531,42290
26013,2019,0.0614543114543115,0.43694643610291,0.222083333333333,0.493,46065
26015,2019,0.0481978890958403,0.629289959079599,0.114771697923307,0.433,64490
26017,2019,0.0637904284520826,0.588130695710158,0.20845037566945,0.437,48819
26019,2019,0.0448686770428016,0.55537547271745,0.148245160549141,0.555,57974
26021,2019,0.0593240368707162,0.613410656034795,0.226623626775063,0.436,50795
26023,2019,0.0420971867007673,0.563676729233342,0.220033624911674,0.419,51947
26025,2019,0.0628751383627208,0.599254470375007,0.221621124157342,0.412,48607
26027,2019,0.0636670327946022,0.603918409893156,0.16386626996555,0.467,55107
26029,2019,0.0398977378370003,0.594427814874511,0.152253510200915,0.492,55760
26031,2019,0.0743823374802874,0.523746157022897,0.223492822966507,0.542,48044
26033,2019,0.0886194029850746,0.542372881355932,0.243053309418095,0.433,46486
26035,2019,0.100883348468587,0.478547724399494,0.306140263862712,0.519,39565
26037,2019,0.0346819363872775,0.635065821860162,0.126189033430888,0.399,70390
26039,2019,0.0647518694765466,0.502004948383244,0.231449126413155,0.508,47977
26041,2019,0.050529648118836,0.551893290326916,0.197334084824574,0.488,47434
26043,2019,0.0460481682496608,0.558968524838832,0.178076815250911,0.474,51645
26045,2019,0.0477079886866962,0.629952935903182,0.13979695148571,0.423,64348
26047,2019,0.0492476851851852,0.628500763803012,0.148532745206151,0.445,55829
26049,2019,0.0932347267557069,0.582816128221938,0.247494931799515,0.414,48588
26051,2019,0.0588358898928346,0.450385652770549,0.24851667735728,0.533,44619
26053,2019,0.0535798956851588,0.484939066452058,0.238588371420307,0.505,38839
26055,2019,0.0438294841794689,0.649808277138702,0.144173729987258,0.429,63575
26057,2019,0.0572844628861226,0.513555108322481,0.223315708681562,0.413,47848
26059,2019,0.0430372267086862,0.549369691067467,0.228103981094347,0.441,49622
26061,2019,0.0535603715170279,0.544339209275675,0.272826736816932,0.411,43183
26063,2019,0.0463744254647733,0.559771130140932,0.195701430698518,0.501,48289
26065,2019,0.066455346761674,0.642407677863551,0.250983971586831,0.338,52872
26067,2019,0.0447319048089266,0.592106801793023,0.182576874037522,0.387,57043
26069,2019,0.0720373376623377,0.456973293768546,0.223366783540886,0.557,43678
26071,2019,0.0542685542685543,0.486588038826845,0.20842318680306,0.565,41599
26073,2019,0.0709009528516901,0.60859320164444,0.321610934678374,0.333,45116
26075,2019,0.0579460228827941,0.568556199665409,0.189569109187678,0.416,53658
26077,2019,0.0550777081227781,0.668050066809256,0.200993731244796,0.36,56511
26079,2019,0.0734406438631791,0.554764894656063,0.231326407622109,0.471,46898
26081,2019,0.044218258430965,0.692489836476698,0.168336955072134,0.347,63053
26083,2019,0.07847533632287,0.48034464189553,0.156612749762131,0.586,50292
26085,2019,0.0891809434405069,0.420258408127034,0.316284323948558,0.597,37320
26087,2019,0.0561305075555765,0.589079142884917,0.152296770601336,0.439,62641
26089,2019,0.0452650964427644,0.553101377794457,0.0995661706395484,0.604,65249
26091,2019,0.0473318557667718,0.586469360462936,0.169691577062853,0.428,55450
26093,2019,0.0372389631350011,0.65868915581427,0.0748725356900068,0.419,84221
26095,2019,0.0637629097440503,0.410053397164426,0.228560591693533,0.505,45469
26097,2019,0.0974643423137876,0.540934419202743,0.222778872314476,0.505,47938
26099,2019,0.0536534903614697,0.638396681036612,0.15197712312106,0.41,62855
26101,2019,0.0614536143391767,0.48953813518465,0.167995848110025,0.566,50055
26103,2019,0.0567341049335339,0.58211809278719,0.19798857433841,0.426,53970
26105,2019,0.0440640119091924,0.566328036083126,0.207778556412053,0.504,51725
26107,2019,0.0682682682682683,0.55143101592471,0.2710337972167,0.444,45018
26109,2019,0.0449526813880126,0.588459753519311,0.194862288135593,0.469,46828
26111,2019,0.0521687285735579,0.595799476044581,0.150601058252664,0.397,62625
26113,2019,0.0639620965353864,0.565330208420524,0.205971557592505,0.456,47194
26115,2019,0.0478214953017953,0.606731235264641,0.146146841590503,0.42,62203
26117,2019,0.0378928884986831,0.561371342954026,0.205327882364577,0.422,49448
26119,2019,0.0803140096618357,0.411889068523815,0.232224052718287,0.581,41772
26121,2019,0.0652564702405871,0.589762767494717,0.219667381909759,0.414,50854
26123,2019,0.0500302790329343,0.554702842377261,0.227539361412189,0.447,50326
26125,2019,0.04371105012628,0.663212430154867,0.112234931025517,0.393,79698
26127,2019,0.0586203992251327,0.563475867305776,0.232835935108662,0.483,50104
26129,2019,0.0804542159942015,0.47165403680702,0.251579411332582,0.526,40373
26131,2019,0.0690443529949703,0.416650790626786,0.218056512749828,0.645,41546
26133,2019,0.0691666666666667,0.51309460181721,0.254110756589012,0.466,44032
26135,2019,0.102791878172589,0.4607513521415,0.218500367556971,0.557,42335
26137,2019,0.0575502042945319,0.575063740438934,0.189391420019953,0.444,54332
26139,2019,0.0351698289087837,0.685531325718242,0.117652971933149,0.378,69314
26141,2019,0.0723775530438231,0.461221876714834,0.198883928571429,0.589,47948
26143,2019,0.0941847206385405,0.42389675673063,0.240439860199471,0.614,42054
26145,2019,0.0690639718528344,0.571049844336746,0.23925248766281,0.431,48000
26147,2019,0.0635241445474896,0.600574646415758,0.177940148675265,0.434,56951
26149,2019,0.0443057298911015,0.619108628076956,0.211422554279697,0.412,52086
26151,2019,0.0598641604801769,0.566127157292319,0.221369391518132,0.462,47672
26153,2019,0.0791499846011703,0.474499488528423,0.248095838587642,0.546,45500
26155,2019,0.0461874420413414,0.599182663870517,0.156861288933117,0.426,56032
26157,2019,0.0536782605107893,0.559255157136924,0.214565632044391,0.449,49988
26159,2019,0.0567612235498117,0.616980375112835,0.218468976631749,0.439,54485
26161,2019,0.0419579006908812,0.646303489245031,0.175033012911076,0.333,72586
26163,2019,0.0919786644033569,0.591263832769496,0.287430524954567,0.395,47301
26165,2019,0.0619818133190693,0.569275274056029,0.219864848411056,0.458,47193
26001,2020,0.0606223175965665,0.403244997295836,0.216204649353176,0.652,43341
26003,2020,0.0470289164283445,0.398606713109563,0.173320109099926,0.584,45184
26005,2020,0.033946744737209,0.621732017292003,0.133707146806746,0.405,65071
26007,2020,0.0745033112582782,0.559023979806479,0.221840772794197,0.475,42603
26009,2020,0.0424231196739533,0.548354327509143,0.150932243904559,0.563,57256
26011,2020,0.0675613142063859,0.513098535813217,0.202266594711279,0.549,45679
26013,2020,0.0411220911699076,0.442953967805705,0.210483417650365,0.5,46581
26015,2020,0.0531087228852113,0.617586578984873,0.110088113050707,0.438,65557
26017,2020,0.0592346356409075,0.585139790490028,0.205865354576695,0.442,48290
26019,2020,0.0487833687691944,0.569028095174083,0.145893276781109,0.564,64257
26021,2020,0.0616646695547977,0.612423792780878,0.220728202064456,0.445,52500
26023,2020,0.0516268089910705,0.564549774017847,0.213567900333358,0.424,52782
26025,2020,0.0637759485168929,0.598489310186873,0.217007999877043,0.417,50219
26027,2020,0.0579407594138963,0.598985490149817,0.159273082559844,0.473,57514
26029,2020,0.0481835564053537,0.599688116314269,0.134156729131175,0.5,60433
26031,2020,0.0735961555575332,0.514632470803755,0.207402084081926,0.562,49624
26033,2020,0.0896551724137931,0.56249801265541,0.226821796759941,0.448,50454
26035,2020,0.100342354091947,0.484518167456556,0.296044936395176,0.524,41163
26037,2020,0.034183182367895,0.637560975609756,0.119346202620826,0.398,72490
26039,2020,0.0736134453781513,0.509810641761631,0.241303074670571,0.541,49987
26041,2020,0.0510925654583678,0.527081024814479,0.190502635008783,0.51,47008
26043,2020,0.0381609577652145,0.572271386430678,0.161800818553888,0.485,51704
26045,2020,0.0459662784756602,0.633845913319263,0.120448438802928,0.423,67440
26047,2020,0.0396691326382012,0.621384877112969,0.14324299550857,0.468,55947
26049,2020,0.0893164007427073,0.576726703691203,0.23983642767596,0.419,50269
26051,2020,0.0621669626998224,0.452615151801759,0.233076215978578,0.543,45957
26053,2020,0.044806517311609,0.502558853633572,0.234143138542351,0.5,38625
26055,2020,0.037894779572948,0.647079683210969,0.142273411656098,0.446,66457
26057,2020,0.0480515001724336,0.516046746158866,0.220510019262283,0.425,49795
26059,2020,0.040636823743305,0.551338318162115,0.213541524614755,0.454,51535
26061,2020,0.0585944743185611,0.550324840980986,0.254894735252364,0.41,44839
26063,2020,0.0505064520604967,0.558314289034357,0.191783142736129,0.511,49541
26065,2020,0.0674652524953122,0.645306288774679,0.238802105301766,0.349,55253
26067,2020,0.0509478672985782,0.603334685755134,0.162361209641496,0.4,60139
26069,2020,0.0741403299542835,0.46645959853507,0.221444958744214,0.577,42628
26071,2020,0.0515463917525773,0.480046330420133,0.214744307577454,0.594,44183
26073,2020,0.0727427504393673,0.611006711409396,0.309413638066692,0.337,46783
26075,2020,0.0626868902810289,0.575940587886911,0.17576043258968,0.418,54511
26077,2020,0.0622580233432133,0.661289793162305,0.196384192260095,0.361,58836
26079,2020,0.0591452556601374,0.543894846074023,0.233597446274867,0.487,49402
26081,2020,0.0459602521261085,0.688602916759451,0.15866483183383,0.354,65722
26083,2020,0.056140350877193,0.461413923367512,0.130243669374104,0.58,51750
26085,2020,0.0579779587925252,0.413431061806656,0.292638731596829,0.606,38356
26087,2020,0.0587917635181142,0.590647491991291,0.146105170271808,0.443,65197
26089,2020,0.0414701257861635,0.546274425595877,0.100219308478372,0.624,67330
26091,2020,0.0482987128839047,0.588282333537416,0.169236706689537,0.439,57314
26093,2020,0.0384600216898354,0.651252680646694,0.0772118982685355,0.427,84274
26095,2020,0.0664045434687637,0.423653525818989,0.220118117736712,0.495,50000
26097,2020,0.0916750250752257,0.533954584404456,0.22332268370607,0.502,50058
26099,2020,0.0557804867801617,0.636945447170388,0.144119117058718,0.421,64641
26101,2020,0.0728002292920608,0.50339056413216,0.160900443334912,0.555,51658
26103,2020,0.0580996694012489,0.586667624452266,0.19769087641736,0.438,54585
26105,2020,0.0451310010601242,0.55345542936172,0.205110685027018,0.51,51568
26107,2020,0.0620205894226887,0.543798024149286,0.248047039059219,0.447,45797
26109,2020,0.0537491115849325,0.584605796198193,0.174292737430168,0.488,48548
26111,2020,0.044621712576343,0.593610346562491,0.150235978487543,0.404,64078
26113,2020,0.0785393421243298,0.572887265482318,0.190308074367407,0.48,47370
26115,2020,0.0494858438368735,0.606543287686931,0.147287271353801,0.424,65453
26117,2020,0.0404485664915189,0.557341928890112,0.183183044823274,0.435,52390
26119,2020,0.0716149608582198,0.426328800988875,0.227751511819681,0.584,42160
26121,2020,0.0720342570975819,0.596741594121299,0.204010346190231,0.428,53478
26123,2020,0.0520895317434888,0.558918338108883,0.216950915141431,0.456,51470
26125,2020,0.0465686418952766,0.662351438360643,0.106177759166815,0.399,81587
26127,2020,0.05962953565085,0.556376470588235,0.224548296104292,0.493,51161
26129,2020,0.0801512748566549,0.46587098607559,0.235969113478643,0.547,41752
26131,2020,0.059349976448422,0.407955418908532,0.233769405197977,0.634,41776
26133,2020,0.0759726335137343,0.52068268821778,0.233765779932731,0.467,46969
26135,2020,0.0930609597924773,0.448842963178577,0.181846940017034,0.579,43457
26137,2020,0.0565365025466893,0.58788302225771,0.184009911212059,0.466,55917
26139,2020,0.0402585257116503,0.683179148761126,0.11348345565213,0.384,72418
26141,2020,0.063768115942029,0.441741357234315,0.212631578947368,0.591,48734
26143,2020,0.0836224843858432,0.416333606202148,0.226004264392324,0.614,41828
26145,2020,0.0651123761141224,0.568234392015104,0.230701109405073,0.443,49565
26147,2020,0.0662266902002916,0.598287458965588,0.177412584744146,0.439,58722
26149,2020,0.0420611306464701,0.621370645825455,0.205934539622074,0.427,53253
26151,2020,0.0608090428593856,0.569958540877502,0.212437099161322,0.46,49852
26153,2020,0.0741634006632499,0.485012428717649,0.226162790697674,0.539,48443
26155,2020,0.0394538549641329,0.594353480706532,0.161334700123308,0.438,56436
26157,2020,0.066322527359075,0.559548017376837,0.197977253792649,0.473,51891
26159,2020,0.0515015627123251,0.613515856871311,0.209762781076216,0.449,56652
26161,2020,0.0454101883453419,0.642203771232258,0.169677284217715,0.342,75730
26163,2020,0.0889782789464906,0.593080466741761,0.273262018503682,0.399,49359
26165,2020,0.0605744125326371,0.580083301779629,0.206094753422998,0.46,50335
26001,2021,0.0712158137015976,0.410378930992333,0.203884075291306,0.652,46187
26003,2021,0.0706113108859104,0.39516858287043,0.170926113360324,0.589,48822
26005,2021,0.0354534726616613,0.621813618623249,0.134683240114739,0.409,70269
26007,2021,0.0710853481809168,0.543573797678275,0.226524712684199,0.49,44864
26009,2021,0.0465372942150281,0.549252374217014,0.14542634322892,0.573,60378
26011,2021,0.0767918088737201,0.51248211162347,0.194754186562647,0.568,48989
26013,2021,0.0413880929640242,0.446862996158771,0.213661352391424,0.511,45792
26015,2021,0.0591302636757182,0.610621595642422,0.118524930182424,0.448,68779
26017,2021,0.0544677330391616,0.591661907481439,0.191496832895209,0.445,52510
26019,2021,0.051961950059453,0.559249900252693,0.140312181879878,0.571,68875
26021,2021,0.0636517438833941,0.617853754241513,0.216904217798502,0.456,55893
26023,2021,0.05394659336344,0.574312133513757,0.18957448815926,0.436,56077
26025,2021,0.0697147116833098,0.600410275537321,0.209934534552908,0.424,53286
26027,2021,0.0561340327252799,0.603353802550779,0.162956304228875,0.477,60725
26029,2021,0.0405994342075082,0.60033966767649,0.126480741631434,0.503,63508
26031,2021,0.0732336714717921,0.510470133999546,0.208618104332728,0.577,53482
26033,2021,0.0989723864745393,0.559323122370998,0.23044506176488,0.464,53079
26035,2021,0.101212881639481,0.470410010230582,0.300637654483303,0.538,43069
26037,2021,0.0355953526233997,0.638540173578843,0.120293216798452,0.396,76161
26039,2021,0.0713637189032141,0.500590855376784,0.224180930989079,0.552,54240
26041,2021,0.0501401432575522,0.522810902341333,0.178240511210268,0.526,51117
26043,2021,0.0492712818814177,0.563903805743638,0.147907195485186,0.5,54775
26045,2021,0.046612188707884,0.637291071468742,0.116244099923509,0.42,72173
26047,2021,0.0427976123437324,0.625722339675828,0.123182007993796,0.464,63488
26049,2021,0.0871779365660359,0.579059244901658,0.226697638057964,0.428,54052
26051,2021,0.0743587080693738,0.455078217307056,0.228906436946638,0.564,48279
26053,2021,0.0517006802721088,0.519353065871084,0.21485835694051,0.512,41948
26055,2021,0.0424351657154301,0.643998503978643,0.146656794256833,0.448,69393
26057,2021,0.05424123220123,0.521180445265802,0.209055151058666,0.442,53347
26059,2021,0.0400983179912285,0.561147771527477,0.21418774694582,0.462,54110
26061,2021,0.0569464336866227,0.569587208353728,0.230250353729318,0.426,48623
26063,2021,0.0516871059377815,0.552840234419887,0.186454490038179,0.532,51924
26065,2021,0.0669200569139966,0.644105766946132,0.226185852154756,0.343,58226
26067,2021,0.0500499562882478,0.598419312045739,0.148129167793994,0.411,64436
26069,2021,0.0780424598823881,0.46565487793558,0.214475426278837,0.579,44334
26071,2021,0.0464017185821697,0.473405878165362,0.216580125335721,0.614,45792
26073,2021,0.0723863771211582,0.607285698843368,0.302227668753882,0.336,48840
26075,2021,0.0594207945990838,0.572983344846112,0.169711258278146,0.427,57746
26077,2021,0.0666695225039982,0.665703422053232,0.192535404726946,0.356,61739
26079,2021,0.0615735461801596,0.543146160198183,0.236255656108597,0.481,50363
26081,2021,0.0473728430168681,0.692510366863399,0.14935086303241,0.354,69786
26083,2021,0.0497630331753555,0.469149527515286,0.123204689789936,0.585,54010
26085,2021,0.0746600741656366,0.387044301980672,0.284934717107466,0.648,40753
26087,2021,0.0559793478766454,0.591826903224919,0.146730113374505,0.453,69194
26089,2021,0.03999603999604,0.526999530442949,0.0999546238315637,0.636,72709
26091,2021,0.0535352889797831,0.580328112057562,0.161681886560586,0.441,60656
26093,2021,0.0417381137957911,0.650410625570313,0.076009030569416,0.43,88908
26095,2021,0.0814299900695134,0.425792811839323,0.210626945309026,0.494,49667
26097,2021,0.101178382771231,0.525237434638779,0.219623630746185,0.511,52989
26099,2021,0.0597839339522408,0.640972181519285,0.14678390378471,0.426,67828
26101,2021,0.0645037802660542,0.494674051981253,0.160601834242002,0.564,54428
26103,2021,0.0583586999969253,0.585757253750698,0.195554007409988,0.44,57981
26105,2021,0.0440840566468707,0.551200268591573,0.197579383020902,0.522,55035
26107,2021,0.0548370982960537,0.537483965275499,0.247518111081299,0.444,48440
26109,2021,0.0565720852117034,0.571075214538112,0.167080664139103,0.517,52457
26111,2021,0.0497023362849567,0.590813702598055,0.150003652745647,0.418,67642
26113,2021,0.0771690161313763,0.574805780636538,0.184161740999463,0.491,50695
26115,2021,0.0529176277207773,0.602506249650579,0.146861641703821,0.435,68006
26117,2021,0.0455885377390827,0.548950983159281,0.184764029409916,0.449,54803
26119,2021,0.0638798940241389,0.427188128772636,0.225982943847602,0.613,43913
26121,2021,0.0730764599638772,0.593421983408479,0.191157598975273,0.433,57047
26123,2021,0.0492444684295737,0.558202585665872,0.211946505749001,0.473,54235
26125,2021,0.0484699973497043,0.664780604464162,0.102917888400284,0.402,86275
26127,2021,0.0549596740666833,0.566003106028519,0.200236578013508,0.509,56454
26129,2021,0.0881272949816402,0.468517031769698,0.238995132982646,0.556,44165
26131,2021,0.0654076462459696,0.411174242424243,0.209710070337965,0.667,44605
26133,2021,0.0783789343756429,0.528025200955898,0.207711830446592,0.484,50722
26135,2021,0.0990932642487047,0.453850676072898,0.182264197228014,0.631,45659
26137,2021,0.0479440652571999,0.590194537237178,0.170621652329167,0.455,59330
26139,2021,0.0386050814709455,0.684273311398598,0.108266738014603,0.382,77288
26141,2021,0.067004048582996,0.441268423403305,0.203365272259874,0.603,52181
26143,2021,0.0610334202417635,0.41490878694006,0.228614679295878,0.607,46218
26145,2021,0.0670987767025744,0.56771184244623,0.232722145394398,0.442,52749
26147,2021,0.0693679583691204,0.602769762537401,0.170190051544762,0.441,62847
26149,2021,0.0500252482747012,0.624093955501397,0.179568797074099,0.441,57080
26151,2021,0.067388175081303,0.565123075532524,0.218551574969545,0.485,52459
26153,2021,0.0857971014492754,0.507203763598942,0.225117222151819,0.551,54163
26155,2021,0.0424144532184733,0.598517669805578,0.164682987699804,0.438,58004
26157,2021,0.0661476996581408,0.555126211816353,0.198109271840015,0.479,55174
26159,2021,0.051536995608584,0.604548262677197,0.197995256154269,0.455,61549
26161,2021,0.046975546975547,0.644065400593091,0.16476950475283,0.343,79198
26163,2021,0.0922914113180473,0.59235588031546,0.264316862147977,0.408,52830
26165,2021,0.0669519420671494,0.574052378972828,0.197263659102553,0.474,54114
26001,2022,0.0632442445091294,0.415823063380282,0.203179304897314,0.664,50295
26003,2022,0.0507977857375448,0.409739826551034,0.154235986690555,0.542,55528
26005,2022,0.0336920837986936,0.620305250561586,0.142319016134188,0.42,75543
26007,2022,0.0731485688323489,0.545679930581381,0.23293396292903,0.499,49133
26009,2022,0.045620600552437,0.557747738793361,0.135537260589515,0.561,68850
26011,2022,0.072223894071622,0.525832739931957,0.192183197904775,0.563,53487
26013,2022,0.0492063492063492,0.448270954888288,0.19752915047196,0.527,51911
26015,2022,0.0525609117107676,0.604027376666535,0.119470827679783,0.452,75182
26017,2022,0.0483140313558654,0.590894278664867,0.191154987112775,0.454,57887
26019,2022,0.0446502790642442,0.551726397169626,0.151116346909009,0.566,71327
26021,2022,0.0659340659340659,0.611424626524207,0.212303377475559,0.465,60379
26023,2022,0.0489396411092985,0.567991015021761,0.209390595346876,0.443,60600
26025,2022,0.0677116672651481,0.597395935346074,0.204859621161037,0.426,58191
26027,2022,0.0500337529285629,0.592736430824272,0.172721760391198,0.483,65183
26029,2022,0.0380248418806675,0.596174813737961,0.125468483816014,0.504,69764
26031,2022,0.0716001067330784,0.506395820196379,0.189769015858025,0.579,59557
26033,2022,0.0764517070323899,0.555195541587014,0.220725764958688,0.471,58408
26035,2022,0.0929926887373696,0.475730811317805,0.289631034933927,0.547,47816
26037,2022,0.0370025713236194,0.637329878886253,0.129442537608615,0.405,82594
26039,2022,0.060675747390766,0.505138057367527,0.214154934995,0.544,57998
26041,2022,0.0515172457121317,0.517289567760806,0.180968409435784,0.538,53852
26043,2022,0.0382000647458725,0.574323696197825,0.157154608484469,0.504,59651
26045,2022,0.0482565215090746,0.634876377317925,0.113874973179219,0.434,77158
26047,2022,0.0377094189499636,0.622540812055253,0.12415596766524,0.481,69690
26049,2022,0.0848470464135021,0.581873534574827,0.220237791932059,0.433,58594
26051,2022,0.0687160940325497,0.466710427606902,0.215874150875938,0.567,53717
26053,2022,0.0598211532531607,0.519337016574586,0.218668176349869,0.52,47913
26055,2022,0.0389556404521071,0.64345577746077,0.142863530864723,0.458,75553
26057,2022,0.0491148232421333,0.520569711677356,0.197214233350251,0.456,57934
26059,2022,0.044089789732904,0.568658605553012,0.212644851123659,0.48,59425
26061,2022,0.0615521855486173,0.580490646643796,0.227948399313569,0.42,52736
26063,2022,0.0525328330206379,0.550704117557018,0.179999356685644,0.542,54475
26065,2022,0.0641358482568613,0.646165170279963,0.21641448634453,0.348,62548
26067,2022,0.0531944573607365,0.594877185217969,0.153200483091787,0.413,71720
26069,2022,0.0737527114967462,0.468885806749884,0.22168761508286,0.591,46224
26071,2022,0.0461278036394414,0.480235748399553,0.20585287274029,0.608,52241
26073,2022,0.0715688861524027,0.61873231260431,0.299021889439779,0.336,52638
26075,2022,0.0630396071659832,0.567092016279568,0.172179100520333,0.434,62581
26077,2022,0.0643060556348581,0.665861201482939,0.182828298749301,0.36,67905
26079,2022,0.045858914922942,0.54392421454372,0.222250984805853,0.49,56380
26081,2022,0.0447834453523719,0.691211282375529,0.149737457099949,0.355,76247
26083,2022,0.0467065868263473,0.457534246575342,0.119289827255278,0.597,55560
26085,2022,0.0745995423340961,0.41036717062635,0.283789192795197,0.616,45946
26087,2022,0.0532141041637784,0.592443531827516,0.143703107019563,0.463,75402
26089,2022,0.0320653256323442,0.517548832654744,0.101913294017017,0.637,82345
26091,2022,0.0555032119914347,0.57512315270936,0.161944744821152,0.455,65484
26093,2022,0.0395217277002619,0.643974592903319,0.0738132049432933,0.447,96135
26095,2022,0.0829666876178504,0.349363197189284,0.237900477164281,0.576,51015
26097,2022,0.100368701351905,0.518864916569242,0.22469738200244,0.517,60620
26099,2022,0.0573689309001186,0.640128468939436,0.140490623409128,0.432,73876
26101,2022,0.0655659018911395,0.487869988759835,0.161564755032283,0.567,59467
26103,2022,0.0559506157896329,0.592123416530791,0.183365914906467,0.434,63115
26105,2022,0.0484513952775222,0.544543708775152,0.189379118973292,0.535,60744
26107,2022,0.0551278449002529,0.535493966477085,0.229456830050632,0.459,54132
26109,2022,0.0451957295373666,0.56736156680632,0.164254539106145,0.525,54074
26111,2022,0.0497266401590457,0.591668994721442,0.144485553635324,0.433,73643
26113,2022,0.0687055476529161,0.580320290572891,0.170131693295006,0.502,57667
26115,2022,0.0566828466088433,0.59720572161764,0.144620350345314,0.446,72573
26117,2022,0.0424089337942037,0.554617511520737,0.175989392403089,0.442,61250
26119,2022,0.06196518146946,0.421884725507282,0.2517706391843,0.582,46345
26121,2022,0.0745819237505698,0.591606872910767,0.191009712857749,0.44,61347
26123,2022,0.0465558404810328,0.559574468085106,0.211461109764962,0.485,59065
26125,2022,0.0476247500382337,0.663692476812618,0.103967287363103,0.409,92620
26127,2022,0.0503740648379052,0.558910983088645,0.204136039913166,0.517,60691
26129,2022,0.0707655213984328,0.470531510579159,0.235499828574227,0.57,50377
26131,2022,0.062992125984252,0.40913397763881,0.210684128898845,0.65,48316
26133,2022,0.0763654925982644,0.52900194426442,0.214984547461369,0.486,54875
26135,2022,0.0886699507389163,0.444850255661066,0.204539353264185,0.619,48692
26137,2022,0.0478484264611432,0.605542051531356,0.163890005628367,0.454,62865
26139,2022,0.0377393951923619,0.677649426238904,0.105379227508572,0.385,83932
26141,2022,0.0643309580364212,0.447634237107921,0.199969109583752,0.598,55986
26143,2022,0.0573351903435469,0.418638550119042,0.22592082616179,0.608,49898
26145,2022,0.0663829689877255,0.566396050253014,0.237378712103485,0.45,56579
26147,2022,0.067055503766597,0.601515495946048,0.170635421930268,0.448,66887
26149,2022,0.0525351873834153,0.617034634299466,0.180820500842523,0.449,62281
26151,2022,0.0654431946612131,0.558340094353797,0.207999003860042,0.494,55740
26153,2022,0.0791907514450867,0.506736965436438,0.234092338658951,0.539,55071
26155,2022,0.0404206867621502,0.595825968971489,0.163511965850103,0.45,62498
26157,2022,0.0611491613009064,0.557071053232808,0.183983964875441,0.489,59815
26159,2022,0.0465225693963966,0.599757660259602,0.191198481851713,0.462,65531
26161,2022,0.0468205146320416,0.63700772467621,0.170399598576772,0.349,84245
26163,2022,0.0896943780776838,0.593725239616613,0.260001293622893,0.413,57223
26165,2022,0.0632222074644707,0.560986513672603,0.204244318864975,0.478,58652
26001,2023,0.0498044328552803,0.417574041811847,0.193959599921553,0.663,53568
26003,2023,0.062919195145321,0.406148657413413,0.150186735350934,0.549,59406
26005,2023,0.0301652266181598,0.618700762786045,0.141781679210961,0.437,80255
26007,2023,0.0706118665018541,0.536561100978279,0.231657263751763,0.52,51909
26009,2023,0.0406475140087165,0.554197269187164,0.13334177428885,0.552,71421
26011,2023,0.0625279808983734,0.530352196280174,0.196453043127771,0.562,56989
26013,2023,0.0641557612511969,0.443830570902394,0.206138036383836,0.527,55117
26015,2023,0.0520374539166748,0.60365133133764,0.115074765457398,0.453,77873
26017,2023,0.045629183665386,0.59093941273538,0.177561928958812,0.464,60523
26019,2023,0.0412751278696325,0.54783005343412,0.141526274684815,0.573,72603
26021,2023,0.0645689850400309,0.604088037661449,0.203072939145447,0.469,63152
26023,2023,0.0516748768472906,0.571830985915493,0.210650059477993,0.457,61958
26025,2023,0.0673491888486376,0.592899032535206,0.203766729522145,0.43,60385
26027,2023,0.046099716124905,0.589784705355248,0.178380807251983,0.49,68011
26029,2023,0.0377677132110233,0.589270366852128,0.119058495606055,0.518,76495
26031,2023,0.0698938875734456,0.512448319252202,0.193903730728492,0.591,61619
26033,2023,0.060844797285013,0.53887854740211,0.208310010764263,0.463,60631
26035,2023,0.0852244074634392,0.465256325030305,0.277124906409714,0.555,49805
26037,2023,0.0371626532293231,0.642539148843436,0.124729593721733,0.408,85928
26039,2023,0.0710943124550036,0.495143035380091,0.23013698630137,0.559,58614
26041,2023,0.0512625301357696,0.512502032189888,0.187773576573842,0.546,54829
26043,2023,0.0405471026222078,0.575286339510197,0.159129279349695,0.506,61882
26045,2023,0.0444448374659545,0.634875364922524,0.116609922859515,0.435,78025
26047,2023,0.0353662730711911,0.606711876195444,0.124177880759291,0.496,73724
26049,2023,0.082994355960624,0.583103031349858,0.216477023686379,0.436,60673
26051,2023,0.0623046875,0.478482313910565,0.203915209997627,0.564,55576
26053,2023,0.068635149992147,0.520519947678221,0.236368814524742,0.527,49672
26055,2023,0.0360331946935799,0.641904544994433,0.126997661944712,0.458,79486
26057,2023,0.047312662931943,0.523718228031954,0.201706407503673,0.452,61128
26059,2023,0.0446719184867211,0.572342665838711,0.215092113621926,0.49,60869
26061,2023,0.0563785098386027,0.585444778824062,0.206783716687106,0.421,56573
26063,2023,0.0457484530348328,0.553767373811266,0.17889219619516,0.541,56963
26065,2023,0.0634481747739705,0.643736382507849,0.210066553539507,0.35,64354
26067,2023,0.048951048951049,0.593164094906255,0.157338452507496,0.423,73436
26069,2023,0.0727344992050874,0.467267155724766,0.23064406779661,0.613,47777
26071,2023,0.0473842195540309,0.474031913812379,0.214532871972318,0.602,53614
26073,2023,0.0678594550055912,0.623980903415351,0.298193970900989,0.341,53759
26075,2023,0.0579745464392093,0.568114515148951,0.168590733974763,0.441,65004
26077,2023,0.0563147973609802,0.663395132487661,0.181704672043709,0.362,70525
26079,2023,0.0426844312854676,0.547850770478508,0.212344716171801,0.489,60365
26081,2023,0.0415459852063096,0.690495191540342,0.144405303193885,0.359,80390
26083,2023,0.0478468899521531,0.45385450597177,0.135615786970994,0.583,53893
26085,2023,0.0755458515283843,0.426999813537199,0.278731683086348,0.577,49680
26087,2023,0.0509463104267042,0.593744867232412,0.142735661506993,0.467,76228
26089,2023,0.0386332750922151,0.527766393442623,0.103640256959315,0.635,91943
26091,2023,0.0539570664202678,0.574928345522831,0.165652266439668,0.459,67013
26093,2023,0.0366311804139304,0.639598819175295,0.0736733440350162,0.456,101315
26095,2023,0.0990187332738626,0.414111562615441,0.211377811377811,0.518,54338
26097,2023,0.0934443288241415,0.511660100095836,0.238872764722404,0.539,58598
26099,2023,0.0577339605514353,0.639553548929606,0.138654481171409,0.435,76399
26101,2023,0.0619595172479331,0.489601265528312,0.164493178203733,0.578,60879
26103,2023,0.0488665753841473,0.587987977242638,0.181157272394065,0.431,64675
26105,2023,0.0464883971108038,0.541911305434104,0.202428194810601,0.531,62296
26107,2023,0.0498003549245785,0.541225200348171,0.240938345548638,0.457,57774
26109,2023,0.0561511902598583,0.556392497851474,0.181035689293212,0.542,55688
26111,2023,0.0478420296318319,0.593279633113829,0.146772724512721,0.437,77538
26113,2023,0.0721886683922922,0.572157314464374,0.164812969237924,0.514,61868
26115,2023,0.0502102038380436,0.596104132244472,0.143379353624098,0.456,75272
26117,2023,0.0401360766739721,0.560935779816514,0.176813618236271,0.446,64892
26119,2023,0.0606844981305723,0.425477239353891,0.226313513513514,0.604,47803
26121,2023,0.0683349143261969,0.593165290845507,0.185573228671762,0.44,63495
26123,2023,0.0442601484068093,0.561932793720873,0.202448373437155,0.483,61931
26125,2023,0.0475422616294234,0.66466773365822,0.104470126835119,0.413,95296
26127,2023,0.0565478640217302,0.560792097488922,0.197753235416904,0.514,63624
26129,2023,0.0729403324165969,0.476741534602668,0.232848965213562,0.583,51983
26131,2023,0.0758465011286682,0.418477234082751,0.191441828492868,0.647,51844
26133,2023,0.0653044460416881,0.52436332310343,0.216489408455656,0.501,57050
26135,2023,0.087719298245614,0.446022315606434,0.221070477113102,0.594,50581
26137,2023,0.0445363076203104,0.621383221053652,0.151732683160798,0.444,67285
26139,2023,0.0361649805447471,0.676594973926083,0.111057519057519,0.392,87144
26141,2023,0.0632434575733545,0.445189761694616,0.21055700475679,0.6,56713
26143,2023,0.0484162895927602,0.428897190820436,0.205691753814504,0.617,54106
26145,2023,0.0664380183301024,0.567656615248377,0.238248611611186,0.456,58347
26147,2023,0.0638738591711965,0.604414531989802,0.158396946564885,0.455,69349
26149,2023,0.052299245024022,0.611208994043125,0.17054924557839,0.452,64707
26151,2023,0.0612101566720692,0.559434218877505,0.19178643737346,0.498,59074
26153,2023,0.0666282088260744,0.507836531419364,0.216957230653455,0.55,57708
26155,2023,0.0435349401242989,0.590145456497236,0.169467057580403,0.464,64464
26157,2023,0.0615130219098801,0.553775010301726,0.183994501928143,0.495,62847
26159,2023,0.0442933545744197,0.584007575883438,0.191657882447128,0.469,66902
26161,2023,0.0436212355271409,0.634580107476439,0.167119284977656,0.355,87156
26163,2023,0.0867264387340319,0.593789019529408,0.257665895806876,0.416,59521
26165,2023,0.0567587257434267,0.561321982229823,0.204850488354621,0.473,63123
26001,2024,0.0498044328552803,0.417574041811847,0.193959599921553,0.663,53568
26003,2024,0.062919195145321,0.406148657413413,0.150186735350934,0.549,59406
26005,2024,0.0301652266181598,0.618700762786045,0.141781679210961,0.437,80255
26007,2024,0.0706118665018541,0.536561100978279,0.231657263751763,0.52,51909
26009,2024,0.0406475140087165,0.554197269187164,0.13334177428885,0.552,71421
26011,2024,0.0625279808983734,0.530352196280174,0.196453043127771,0.562,56989
26013,2024,0.0641557612511969,0.443830570902394,0.206138036383836,0.527,55117
26015,2024,0.0520374539166748,0.60365133133764,0.115074765457398,0.453,77873
26017,2024,0.045629183665386,0.59093941273538,0.177561928958812,0.464,60523
26019,2024,0.0412751278696325,0.54783005343412,0.141526274684815,0.573,72603
26021,2024,0.0645689850400309,0.604088037661449,0.203072939145447,0.469,63152
26023,2024,0.0516748768472906,0.571830985915493,0.210650059477993,0.457,61958
26025,2024,0.0673491888486376,0.592899032535206,0.203766729522145,0.43,60385
26027,2024,0.046099716124905,0.589784705355248,0.178380807251983,0.49,68011
26029,2024,0.0377677132110233,0.589270366852128,0.119058495606055,0.518,76495
26031,2024,0.0698938875734456,0.512448319252202,0.193903730728492,0.591,61619
26033,2024,0.060844797285013,0.53887854740211,0.208310010764263,0.463,60631
26035,2024,0.0852244074634392,0.465256325030305,0.277124906409714,0.555,49805
26037,2024,0.0371626532293231,0.642539148843436,0.124729593721733,0.408,85928
26039,2024,0.0710943124550036,0.495143035380091,0.23013698630137,0.559,58614
26041,2024,0.0512625301357696,0.512502032189888,0.187773576573842,0.546,54829
26043,2024,0.0405471026222078,0.575286339510197,0.159129279349695,0.506,61882
26045,2024,0.0444448374659545,0.634875364922524,0.116609922859515,0.435,78025
26047,2024,0.0353662730711911,0.606711876195444,0.124177880759291,0.496,73724
26049,2024,0.082994355960624,0.583103031349858,0.216477023686379,0.436,60673
26051,2024,0.0623046875,0.478482313910565,0.203915209997627,0.564,55576
26053,2024,0.068635149992147,0.520519947678221,0.236368814524742,0.527,49672
26055,2024,0.0360331946935799,0.641904544994433,0.126997661944712,0.458,79486
26057,2024,0.047312662931943,0.523718228031954,0.201706407503673,0.452,61128
26059,2024,0.0446719184867211,0.572342665838711,0.215092113621926,0.49,60869
26061,2024,0.0563785098386027,0.585444778824062,0.206783716687106,0.421,56573
26063,2024,0.0457484530348328,0.553767373811266,0.17889219619516,0.541,56963
26065,2024,0.0634481747739705,0.643736382507849,0.210066553539507,0.35,64354
26067,2024,0.048951048951049,0.593164094906255,0.157338452507496,0.423,73436
26069,2024,0.0727344992050874,0.467267155724766,0.23064406779661,0.613,47777
26071,2024,0.0473842195540309,0.474031913812379,0.214532871972318,0.602,53614
26073,2024,0.0678594550055912,0.623980903415351,0.298193970900989,0.341,53759
26075,2024,0.0579745464392093,0.568114515148951,0.168590733974763,0.441,65004
26077,2024,0.0563147973609802,0.663395132487661,0.181704672043709,0.362,70525
26079,2024,0.0426844312854676,0.547850770478508,0.212344716171801,0.489,60365
26081,2024,0.0415459852063096,0.690495191540342,0.144405303193885,0.359,80390
26083,2024,0.0478468899521531,0.45385450597177,0.135615786970994,0.583,53893
26085,2024,0.0755458515283843,0.426999813537199,0.278731683086348,0.577,49680
26087,2024,0.0509463104267042,0.593744867232412,0.142735661506993,0.467,76228
26089,2024,0.0386332750922151,0.527766393442623,0.103640256959315,0.635,91943
26091,2024,0.0539570664202678,0.574928345522831,0.165652266439668,0.459,67013
26093,2024,0.0366311804139304,0.639598819175295,0.0736733440350162,0.456,101315
26095,2024,0.0990187332738626,0.414111562615441,0.211377811377811,0.518,54338
26097,2024,0.0934443288241415,0.511660100095836,0.238872764722404,0.539,58598
26099,2024,0.0577339605514353,0.639553548929606,0.138654481171409,0.435,76399
26101,2024,0.0619595172479331,0.489601265528312,0.164493178203733,0.578,60879
26103,2024,0.0488665753841473,0.587987977242638,0.181157272394065,0.431,64675
26105,2024,0.0464883971108038,0.541911305434104,0.202428194810601,0.531,62296
26107,2024,0.0498003549245785,0.541225200348171,0.240938345548638,0.457,57774
26109,2024,0.0561511902598583,0.556392497851474,0.181035689293212,0.542,55688
26111,2024,0.0478420296318319,0.593279633113829,0.146772724512721,0.437,77538
26113,2024,0.0721886683922922,0.572157314464374,0.164812969237924,0.514,61868
26115,2024,0.0502102038380436,0.596104132244472,0.143379353624098,0.456,75272
26117,2024,0.0401360766739721,0.560935779816514,0.176813618236271,0.446,64892
26119,2024,0.0606844981305723,0.425477239353891,0.226313513513514,0.604,47803
26121,2024,0.0683349143261969,0.593165290845507,0.185573228671762,0.44,63495
26123,2024,0.0442601484068093,0.561932793720873,0.202448373437155,0.483,61931
26125,2024,0.0475422616294234,0.66466773365822,0.104470126835119,0.413,95296
26127,2024,0.0565478640217302,0.560792097488922,0.197753235416904,0.514,63624
26129,2024,0.0729403324165969,0.476741534602668,0.232848965213562,0.583,51983
26131,2024,0.0758465011286682,0.418477234082751,0.191441828492868,0.647,51844
26133,2024,0.0653044460416881,0.52436332310343,0.216489408455656,0.501,57050
26135,2024,0.087719298245614,0.446022315606434,0.221070477113102,0.594,50581
26137,2024,0.0445363076203104,0.621383221053652,0.151732683160798,0.444,67285
26139,2024,0.0361649805447471,0.676594973926083,0.111057519057519,0.392,87144
26141,2024,0.0632434575733545,0.445189761694616,0.21055700475679,0.6,56713
26143,2024,0.0484162895927602,0.428897190820436,0.205691753814504,0.617,54106
26145,2024,0.0664380183301024,0.567656615248377,0.238248611611186,0.456,58347
26147,2024,0.0638738591711965,0.604414531989802,0.158396946564885,0.455,69349
26149,2024,0.052299245024022,0.611208994043125,0.17054924557839,0.452,64707
26151,2024,0.0612101566720692,0.559434218877505,0.19178643737346,0.498,59074
26153,2024,0.0666282088260744,0.507836531419364,0.216957230653455,0.55,57708
26155,2024,0.0435349401242989,0.590145456497236,0.169467057580403,0.464,64464
26157,2024,0.0615130219098801,0.553775010301726,0.183994501928143,0.495,62847
26159,2024,0.0442933545744197,0.584007575883438,0.191657882447128,0.469,66902
26161,2024,0.0436212355271409,0.634580107476439,0.167119284977656,0.355,87156
26163,2024,0.0867264387340319,0.593789019529408,0.257665895806876,0.416,59521
26165,2024,0.0567587257434267,0.561321982229823,0.204850488354621,0.473,63123
