county,Cases,Recipients,Adult Recipients,Child Recipients,Payments,Average Per Case,Average Per Person,Avg. Recipients Per Case,year,month
Alcona,792.0,1428.0,993.0,435.0,394330.0,497.89,276.14,1.8,2023,10
Alcona,803.0,1435.0,1001.0,434.0,384853.0,479.27,268.19,1.79,2023,11
Alcona,814.0,1447.0,1019.0,428.0,383767.0,471.46,265.22,1.78,2023,12
Alcona,816.0,1452.0,1023.0,429.0,380274.0,466.02,261.9,1.78,2023,1
Alcona,819.0,1460.0,1026.0,434.0,389428.0,475.49,266.73,1.78,2023,2
Alcona,820.0,1452.0,1022.0,430.0,224349.0,273.6,154.51,1.77,2023,3
Alcona,822.0,1473.0,1031.0,442.0,215455.0,262.11,146.27,1.79,2023,4
Alcona,810.0,1438.0,1008.0,430.0,215634.0,266.21,149.95,1.78,2023,5
Alcona,795.0,1407.0,982.0,425.0,209161.0,263.1,148.66,1.77,2023,6
Alcona,793.0,1400.0,972.0,428.0,207266.0,261.37,148.05,1.77,2023,7
Alcona,782.0,1374.0,960.0,414.0,206238.0,263.73,150.1,1.76,2023,8
Alcona,776.0,1348.0,951.0,397.0,203449.0,262.18,150.93,1.74,2023,9
Alger,406.0,736.0,492.0,244.0,204067.0,502.63,277.26,1.81,2023,10
Alger,426.0,765.0,521.0,244.0,199115.0,467.41,260.28,1.8,2023,11
Alger,434.0,782.0,529.0,253.0,205581.0,473.69,262.89,1.8,2023,12
Alger,443.0,788.0,539.0,249.0,207748.0,468.96,263.64,1.78,2023,1
Alger,438.0,785.0,535.0,250.0,208506.0,476.04,265.61,1.79,2023,2
Alger,429.0,783.0,527.0,256.0,115754.0,269.82,147.83,1.83,2023,3
Alger,433.0,785.0,532.0,253.0,113217.0,261.47,144.23,1.81,2023,4
Alger,434.0,788.0,535.0,253.0,115032.0,265.05,145.98,1.82,2023,5
Alger,431.0,777.0,528.0,249.0,115432.0,267.82,148.56,1.8,2023,6
Alger,432.0,777.0,527.0,250.0,114734.0,265.59,147.66,1.8,2023,7
Alger,423.0,758.0,512.0,246.0,110749.0,261.82,146.11,1.79,2023,8
Alger,417.0,747.0,504.0,243.0,107788.0,258.48,144.29,1.79,2023,9
Allegan,5128.0,10411.0,5896.0,4515.0,2771043.0,540.38,266.16,2.03,2023,10
Allegan,5145.0,10472.0,5915.0,4557.0,2666989.0,518.37,254.68,2.04,2023,11
Allegan,5146.0,10456.0,5914.0,4542.0,2744889.0,533.4,262.52,2.03,2023,12
Allegan,5213.0,10581.0,6011.0,4570.0,2739897.0,525.59,258.94,2.03,2023,1
Allegan,5196.0,10548.0,5995.0,4553.0,2748444.0,528.95,260.57,2.03,2023,2
Allegan,5182.0,10508.0,5974.0,4534.0,1620060.0,312.63,154.17,2.03,2023,3
Allegan,5166.0,10453.0,5967.0,4486.0,1635182.0,316.53,156.43,2.02,2023,4
Allegan,5192.0,10543.0,6011.0,4532.0,1663942.0,320.48,157.82,2.03,2023,5
Allegan,5193.0,10551.0,5994.0,4557.0,1674064.0,322.37,158.66,2.03,2023,6
Allegan,5208.0,10597.0,6009.0,4588.0,1686109.0,323.75,159.11,2.03,2023,7
Allegan,5203.0,10548.0,6012.0,4536.0,1663867.0,319.79,157.74,2.03,2023,8
Allegan,5201.0,10518.0,6013.0,4505.0,1660257.0,319.22,157.85,2.02,2023,9
Alpena,2378.0,4149.0,2797.0,1352.0,1137059.0,478.16,274.06,1.74,2023,10
Alpena,2373.0,4154.0,2794.0,1360.0,1104634.0,465.5,265.92,1.75,2023,11
Alpena,2392.0,4180.0,2814.0,1366.0,1116426.0,466.73,267.09,1.75,2023,12
Alpena,2446.0,4274.0,2885.0,1389.0,1112845.0,454.97,260.38,1.75,2023,1
Alpena,2482.0,4340.0,2929.0,1411.0,1160905.0,467.73,267.49,1.75,2023,2
Alpena,2487.0,4303.0,2919.0,1384.0,636328.0,255.86,147.88,1.73,2023,3
Alpena,2495.0,4354.0,2938.0,1416.0,648512.0,259.92,148.95,1.75,2023,4
Alpena,2498.0,4339.0,2926.0,1413.0,646966.0,258.99,149.1,1.74,2023,5
Alpena,2469.0,4271.0,2888.0,1383.0,626961.0,253.93,146.79,1.73,2023,6
Alpena,2447.0,4219.0,2853.0,1366.0,629886.0,257.41,149.3,1.72,2023,7
Alpena,2435.0,4210.0,2833.0,1377.0,626389.0,257.24,148.79,1.73,2023,8
Alpena,2442.0,4210.0,2843.0,1367.0,629407.0,257.74,149.5,1.72,2023,9
Antrim,1116.0,2171.0,1374.0,797.0,579663.0,519.41,267.0,1.95,2023,10
Antrim,1128.0,2197.0,1392.0,805.0,571145.0,506.33,259.97,1.95,2023,11
Antrim,1139.0,2198.0,1413.0,785.0,582194.0,511.14,264.87,1.93,2023,12
Antrim,1167.0,2265.0,1451.0,814.0,584878.0,501.18,258.22,1.94,2023,1
Antrim,1165.0,2261.0,1445.0,816.0,593639.0,509.56,262.56,1.94,2023,2
Antrim,1177.0,2263.0,1454.0,809.0,352464.0,299.46,155.75,1.92,2023,3
Antrim,1185.0,2269.0,1472.0,797.0,346336.0,292.27,152.64,1.91,2023,4
Antrim,1173.0,2262.0,1460.0,802.0,338721.0,288.76,149.74,1.93,2023,5
Antrim,1163.0,2232.0,1437.0,795.0,330962.0,284.58,148.28,1.92,2023,6
Antrim,1161.0,2204.0,1430.0,774.0,331172.0,285.25,150.26,1.9,2023,7
Antrim,1143.0,2179.0,1409.0,770.0,330014.0,288.73,151.45,1.91,2023,8
Antrim,1152.0,2196.0,1415.0,781.0,332473.0,288.61,151.4,1.91,2023,9
Arenac,1199.0,2166.0,1490.0,676.0,597444.0,498.29,275.83,1.81,2023,10
Arenac,1231.0,2225.0,1526.0,699.0,589316.0,478.73,264.86,1.81,2023,11
Arenac,1230.0,2228.0,1519.0,709.0,600385.0,488.12,269.47,1.81,2023,12
Arenac,1231.0,2230.0,1514.0,716.0,590661.0,479.82,264.87,1.81,2023,1
Arenac,1224.0,2215.0,1497.0,718.0,592057.0,483.71,267.29,1.81,2023,2
Arenac,1240.0,2237.0,1517.0,720.0,335443.0,270.52,149.95,1.8,2023,3
Arenac,1235.0,2236.0,1511.0,725.0,329224.0,266.58,147.24,1.81,2023,4
Arenac,1232.0,2239.0,1514.0,725.0,331806.0,269.32,148.19,1.82,2023,5
Arenac,1236.0,2238.0,1510.0,728.0,328068.0,265.43,146.59,1.81,2023,6
Arenac,1235.0,2226.0,1501.0,725.0,333738.0,270.23,149.93,1.8,2023,7
Arenac,1238.0,2228.0,1499.0,729.0,336092.0,271.48,150.85,1.8,2023,8
Arenac,1259.0,2262.0,1520.0,742.0,341639.0,271.36,151.03,1.8,2023,9
Baraga,588.0,1050.0,678.0,372.0,293074.0,498.43,279.12,1.79,2023,10
Baraga,588.0,1057.0,683.0,374.0,282366.0,480.21,267.14,1.8,2023,11
Baraga,582.0,1055.0,679.0,376.0,287217.0,493.5,272.24,1.81,2023,12
Baraga,571.0,1041.0,670.0,371.0,281273.0,492.6,270.2,1.82,2023,1
Baraga,579.0,1085.0,693.0,392.0,291412.0,503.3,268.58,1.87,2023,2
Baraga,584.0,1069.0,687.0,382.0,175679.0,300.82,164.34,1.83,2023,3
Baraga,580.0,1057.0,680.0,377.0,171357.0,295.44,162.12,1.82,2023,4
Baraga,587.0,1070.0,683.0,387.0,173849.0,296.17,162.48,1.82,2023,5
Baraga,576.0,1055.0,663.0,392.0,173065.0,300.46,164.04,1.83,2023,6
Baraga,579.0,1046.0,666.0,380.0,172679.0,298.24,165.09,1.81,2023,7
Baraga,562.0,995.0,644.0,351.0,167793.0,298.56,168.64,1.77,2023,8
Baraga,579.0,1039.0,666.0,373.0,168848.0,291.62,162.51,1.79,2023,9
Barry,2668.0,5340.0,3228.0,2112.0,1425027.0,534.12,266.86,2.0,2023,10
Barry,2716.0,5453.0,3292.0,2161.0,1394653.0,513.5,255.76,2.01,2023,11
Barry,2707.0,5401.0,3271.0,2130.0,1422711.0,525.57,263.42,2.0,2023,12
Barry,2773.0,5611.0,3362.0,2249.0,1450761.0,523.17,258.56,2.02,2023,1
Barry,2801.0,5660.0,3387.0,2273.0,1474129.0,526.29,260.45,2.02,2023,2
Barry,2767.0,5561.0,3336.0,2225.0,831056.0,300.35,149.44,2.01,2023,3
Barry,2762.0,5500.0,3324.0,2176.0,823437.0,298.13,149.72,1.99,2023,4
Barry,2727.0,5423.0,3283.0,2140.0,819727.0,300.6,151.16,1.99,2023,5
Barry,2708.0,5375.0,3263.0,2112.0,800362.0,295.55,148.9,1.98,2023,6
Barry,2678.0,5282.0,3212.0,2070.0,812313.0,303.33,153.79,1.97,2023,7
Barry,2698.0,5332.0,3236.0,2096.0,829362.0,307.4,155.54,1.98,2023,8
Barry,2671.0,5258.0,3207.0,2051.0,810461.0,303.43,154.14,1.97,2023,9
Bay,8227.0,14573.0,9449.0,5124.0,4037318.0,490.74,277.04,1.77,2023,10
Bay,8279.0,14651.0,9506.0,5145.0,3944097.0,476.4,269.2,1.77,2023,11
Bay,8296.0,14747.0,9533.0,5214.0,4023583.0,485.0,272.84,1.78,2023,12
Bay,8349.0,14907.0,9626.0,5281.0,4004325.0,479.62,268.62,1.79,2023,1
Bay,8391.0,14929.0,9670.0,5259.0,4044824.0,482.04,270.94,1.78,2023,2
Bay,8389.0,14886.0,9657.0,5229.0,2381923.0,283.93,160.01,1.77,2023,3
Bay,8357.0,14783.0,9604.0,5179.0,2378946.0,284.67,160.92,1.77,2023,4
Bay,8369.0,14799.0,9615.0,5184.0,2385652.0,285.06,161.2,1.77,2023,5
Bay,8406.0,14886.0,9640.0,5246.0,2394576.0,284.87,160.86,1.77,2023,6
Bay,8404.0,14940.0,9647.0,5293.0,2435349.96,289.78,163.01,1.78,2023,7
Bay,8468.0,14985.0,9705.0,5280.0,2447950.0,289.08,163.36,1.77,2023,8
Bay,8452.0,14968.0,9679.0,5289.0,2456023.0,290.58,164.08,1.77,2023,9
Benzie,787.0,1435.0,956.0,479.0,386575.0,491.2,269.39,1.82,2023,10
Benzie,783.0,1427.0,952.0,475.0,370194.0,472.79,259.42,1.82,2023,11
Benzie,785.0,1417.0,954.0,463.0,372909.0,475.04,263.17,1.81,2023,12
Benzie,800.0,1477.0,985.0,492.0,387059.0,483.82,262.06,1.85,2023,1
Benzie,801.0,1508.0,993.0,515.0,396356.0,494.83,262.84,1.88,2023,2
Benzie,792.0,1483.0,976.0,507.0,226775.0,286.33,152.92,1.87,2023,3
Benzie,786.0,1477.0,976.0,501.0,228741.0,291.02,154.87,1.88,2023,4
Benzie,785.0,1461.0,972.0,489.0,229929.0,292.9,157.38,1.86,2023,5
Benzie,782.0,1467.0,970.0,497.0,224833.0,287.51,153.26,1.88,2023,6
Benzie,777.0,1444.0,961.0,483.0,221053.0,284.5,153.08,1.86,2023,7
Benzie,762.0,1425.0,935.0,490.0,216849.0,284.58,152.17,1.87,2023,8
Benzie,753.0,1413.0,924.0,489.0,215404.0,286.06,152.44,1.88,2023,9
Berrien,11377.0,21399.0,12345.0,9054.0,5819751.0,511.54,271.96,1.88,2023,10
Berrien,11400.0,21497.0,12429.0,9068.0,5669070.0,497.29,263.71,1.89,2023,11
Berrien,11440.0,21537.0,12487.0,9050.0,5773448.0,504.67,268.07,1.88,2023,12
Berrien,11617.0,21873.0,12686.0,9187.0,5783737.0,497.87,264.42,1.88,2023,1
Berrien,11692.0,22038.0,12763.0,9275.0,5870822.0,502.12,266.4,1.88,2023,2
Berrien,11613.0,21865.0,12679.0,9186.0,3562502.0,306.77,162.93,1.88,2023,3
Berrien,11563.0,21756.0,12599.0,9157.0,3540305.5,306.18,162.73,1.88,2023,4
Berrien,11633.0,21833.0,12655.0,9178.0,3592111.0,308.79,164.53,1.88,2023,5
Berrien,11621.0,21741.0,12599.0,9142.0,3590388.0,308.96,165.14,1.87,2023,6
Berrien,11695.0,21902.0,12682.0,9220.0,3667128.0,313.56,167.43,1.87,2023,7
Berrien,11690.0,21848.0,12665.0,9183.0,3669807.0,313.93,167.97,1.87,2023,8
Berrien,11780.0,21938.0,12764.0,9174.0,3661292.0,310.81,166.89,1.86,2023,9
Branch,2639.0,5338.0,3148.0,2190.0,1431257.0,542.35,268.13,2.02,2023,10
Branch,2701.0,5458.0,3248.0,2210.0,1407813.0,521.22,257.94,2.02,2023,11
Branch,2716.0,5503.0,3264.0,2239.0,1441562.0,530.77,261.96,2.03,2023,12
Branch,2792.0,5646.0,3350.0,2296.0,1465035.0,524.73,259.48,2.02,2023,1
Branch,2781.0,5610.0,3340.0,2270.0,1468382.0,528.01,261.74,2.02,2023,2
Branch,2781.0,5585.0,3333.0,2252.0,864270.0,310.78,154.75,2.01,2023,3
Branch,2799.0,5666.0,3367.0,2299.0,862397.0,308.11,152.21,2.02,2023,4
Branch,2751.0,5574.0,3328.0,2246.0,843051.0,306.45,151.25,2.03,2023,5
Branch,2805.0,5636.0,3368.0,2268.0,834686.0,297.57,148.1,2.01,2023,6
Branch,2783.0,5587.0,3343.0,2244.0,846386.0,304.13,151.49,2.01,2023,7
Branch,2799.0,5599.0,3348.0,2251.0,854562.05,305.31,152.63,2.0,2023,8
Branch,2817.0,5666.0,3371.0,2295.0,858716.0,304.83,151.56,2.01,2023,9
Calhoun,12446.0,23543.0,14099.0,9444.0,6414862.0,515.42,272.47,1.89,2023,10
Calhoun,12391.0,23475.0,14023.0,9452.0,6170314.0,497.97,262.85,1.89,2023,11
Calhoun,12408.0,23396.0,14032.0,9364.0,6295457.0,507.37,269.08,1.89,2023,12
Calhoun,12595.0,23807.0,14260.0,9547.0,6317923.0,501.62,265.38,1.89,2023,1
Calhoun,12611.0,23886.0,14302.0,9584.0,6345861.0,503.2,265.67,1.89,2023,2
Calhoun,12673.0,23973.0,14365.0,9608.0,3859447.0,304.54,160.99,1.89,2023,3
Calhoun,12754.0,24131.0,14432.0,9699.0,3911575.0,306.69,162.1,1.89,2023,4
Calhoun,12791.0,24137.0,14442.0,9695.0,3929088.0,307.18,162.78,1.89,2023,5
Calhoun,12678.0,23909.0,14321.0,9588.0,3860306.0,304.49,161.46,1.89,2023,6
Calhoun,12552.0,23635.0,14169.0,9466.0,3922931.0,312.53,165.98,1.88,2023,7
Calhoun,12532.0,23558.0,14148.0,9410.0,3925566.0,313.24,166.63,1.88,2023,8
Calhoun,12574.0,23610.0,14185.0,9425.0,3935714.0,313.0,166.7,1.88,2023,9
Cass,3270.0,6187.0,3769.0,2418.0,1671407.0,511.13,270.15,1.89,2023,10
Cass,3248.0,6131.0,3739.0,2392.0,1617848.0,498.11,263.88,1.89,2023,11
Cass,3294.0,6252.0,3796.0,2456.0,1663850.0,505.12,266.13,1.9,2023,12
Cass,3364.0,6409.0,3904.0,2505.0,1682766.0,500.23,262.56,1.91,2023,1
Cass,3362.0,6443.0,3947.0,2496.0,1714197.0,509.87,266.06,1.92,2023,2
Cass,3327.0,6382.0,3917.0,2465.0,1039510.0,312.45,162.88,1.92,2023,3
Cass,3286.0,6288.0,3855.0,2433.0,1030011.0,313.45,163.81,1.91,2023,4
Cass,3316.0,6343.0,3891.0,2452.0,1026013.0,309.41,161.76,1.91,2023,5
Cass,3315.0,6322.0,3879.0,2443.0,1026346.0,309.61,162.35,1.91,2023,6
Cass,3303.0,6298.0,3848.0,2450.0,1030934.0,312.12,163.69,1.91,2023,7
Cass,3298.0,6289.0,3837.0,2452.0,1044210.0,316.62,166.04,1.91,2023,8
Cass,3360.0,6481.0,3926.0,2555.0,1061682.0,315.98,163.81,1.93,2023,9
Charlevoix,971.0,1736.0,1124.0,612.0,480357.0,494.7,276.7,1.79,2023,10
Charlevoix,1019.0,1838.0,1181.0,657.0,477793.0,468.88,259.95,1.8,2023,11
Charlevoix,1042.0,1862.0,1204.0,658.0,500396.0,480.23,268.74,1.79,2023,12
Charlevoix,1049.0,1859.0,1205.0,654.0,490577.0,467.66,263.89,1.77,2023,1
Charlevoix,1062.0,1866.0,1212.0,654.0,503108.0,473.74,269.62,1.76,2023,2
Charlevoix,1080.0,1898.0,1236.0,662.0,287551.0,266.25,151.5,1.76,2023,3
Charlevoix,1076.0,1907.0,1237.0,670.0,289586.0,269.13,151.85,1.77,2023,4
Charlevoix,1076.0,1881.0,1233.0,648.0,287412.0,267.11,152.8,1.75,2023,5
Charlevoix,1061.0,1856.0,1214.0,642.0,281222.0,265.05,151.52,1.75,2023,6
Charlevoix,1053.0,1836.0,1204.0,632.0,285170.0,270.82,155.32,1.74,2023,7
Charlevoix,1056.0,1861.0,1214.0,647.0,286758.0,271.55,154.09,1.76,2023,8
Charlevoix,1026.0,1799.0,1173.0,626.0,280074.0,272.98,155.68,1.75,2023,9
Cheboygan,1756.0,3160.0,2117.0,1043.0,856525.0,487.77,271.05,1.8,2023,10
Cheboygan,1780.0,3205.0,2148.0,1057.0,835595.0,469.44,260.72,1.8,2023,11
Cheboygan,1797.0,3283.0,2183.0,1100.0,877660.0,488.4,267.33,1.83,2023,12
Cheboygan,1845.0,3411.0,2261.0,1150.0,893933.0,484.52,262.07,1.85,2023,1
Cheboygan,1867.0,3450.0,2290.0,1160.0,909384.0,487.08,263.59,1.85,2023,2
Cheboygan,1863.0,3430.0,2289.0,1141.0,502732.0,269.85,146.57,1.84,2023,3
Cheboygan,1868.0,3454.0,2289.0,1165.0,511554.0,273.85,148.1,1.85,2023,4
Cheboygan,1852.0,3450.0,2262.0,1188.0,511298.0,276.08,148.2,1.86,2023,5
Cheboygan,1810.0,3367.0,2201.0,1166.0,490949.0,271.24,145.81,1.86,2023,6
Cheboygan,1776.0,3250.0,2145.0,1105.0,486879.0,274.14,149.81,1.83,2023,7
Cheboygan,1745.0,3214.0,2118.0,1096.0,477047.0,273.38,148.43,1.84,2023,8
Cheboygan,1749.0,3206.0,2119.0,1087.0,473979.0,271.0,147.84,1.83,2023,9
Chippewa,2236.0,4303.0,2657.0,1646.0,1158158.0,517.96,269.15,1.92,2023,10
Chippewa,2214.0,4249.0,2615.0,1634.0,1097978.0,495.93,258.41,1.92,2023,11
Chippewa,2261.0,4342.0,2669.0,1673.0,1145765.0,506.75,263.88,1.92,2023,12
Chippewa,2314.0,4430.0,2752.0,1678.0,1150034.0,496.99,259.6,1.91,2023,1
Chippewa,2358.0,4479.0,2799.0,1680.0,1182599.0,501.53,264.03,1.9,2023,2
Chippewa,2389.0,4576.0,2839.0,1737.0,708345.0,296.5,154.8,1.92,2023,3
Chippewa,2359.0,4472.0,2808.0,1664.0,700553.0,296.97,156.65,1.9,2023,4
Chippewa,2356.0,4458.0,2793.0,1665.0,706554.0,299.9,158.49,1.89,2023,5
Chippewa,2324.0,4397.0,2738.0,1659.0,690604.0,297.16,157.06,1.89,2023,6
Chippewa,2296.0,4330.0,2699.0,1631.0,693054.0,301.85,160.06,1.89,2023,7
Chippewa,2247.0,4220.0,2633.0,1587.0,669217.0,297.83,158.58,1.88,2023,8
Chippewa,2248.0,4221.0,2619.0,1602.0,667969.0,297.14,158.25,1.88,2023,9
Clare,3601.0,6499.0,4468.0,2031.0,1770436.0,491.65,272.42,1.8,2023,10
Clare,3622.0,6543.0,4491.0,2052.0,1734570.0,478.9,265.1,1.81,2023,11
Clare,3660.0,6621.0,4547.0,2074.0,1780228.0,486.4,268.88,1.81,2023,12
Clare,3687.0,6721.0,4584.0,2137.0,1797201.0,487.44,267.4,1.82,2023,1
Clare,3702.0,6771.0,4611.0,2160.0,1813517.0,489.87,267.84,1.83,2023,2
Clare,3706.0,6788.0,4615.0,2173.0,1058926.0,285.73,156.0,1.83,2023,3
Clare,3670.0,6741.0,4576.0,2165.0,1061461.0,289.23,157.46,1.84,2023,4
Clare,3676.0,6728.0,4584.0,2144.0,1053849.0,286.68,156.64,1.83,2023,5
Clare,3650.0,6671.0,4550.0,2121.0,1041186.0,285.26,156.08,1.83,2023,6
Clare,3632.0,6656.0,4516.0,2140.0,1052848.0,289.88,158.18,1.83,2023,7
Clare,3576.0,6552.0,4436.0,2116.0,1044792.0,292.17,159.46,1.83,2023,8
Clare,3569.0,6507.0,4425.0,2082.0,1032528.0,289.3,158.68,1.82,2023,9
Clinton,2617.0,5069.0,3001.0,2068.0,1360937.0,520.04,268.48,1.94,2023,10
Clinton,2646.0,5085.0,3037.0,2048.0,1325399.0,500.91,260.65,1.92,2023,11
Clinton,2676.0,5131.0,3077.0,2054.0,1365819.0,510.4,266.19,1.92,2023,12
Clinton,2705.0,5182.0,3118.0,2064.0,1357890.0,501.99,262.04,1.92,2023,1
Clinton,2759.0,5255.0,3177.0,2078.0,1391113.0,504.21,264.72,1.9,2023,2
Clinton,2744.0,5217.0,3155.0,2062.0,856728.0,312.22,164.22,1.9,2023,3
Clinton,2761.0,5253.0,3173.0,2080.0,848457.0,307.3,161.52,1.9,2023,4
Clinton,2712.0,5185.0,3135.0,2050.0,844323.0,311.33,162.84,1.91,2023,5
Clinton,2709.0,5231.0,3131.0,2100.0,850989.0,314.13,162.68,1.93,2023,6
Clinton,2718.0,5220.0,3146.0,2074.0,863883.0,317.84,165.49,1.92,2023,7
Clinton,2703.0,5237.0,3136.0,2101.0,863222.0,319.36,164.83,1.94,2023,8
Clinton,2675.0,5166.0,3101.0,2065.0,858924.0,321.09,166.26,1.93,2023,9
Crawford,1193.0,2121.0,1447.0,674.0,582889.0,488.59,274.82,1.78,2023,10
Crawford,1201.0,2162.0,1464.0,698.0,570139.0,474.72,263.71,1.8,2023,11
Crawford,1214.0,2170.0,1481.0,689.0,577482.0,475.69,266.12,1.79,2023,12
Crawford,1247.0,2248.0,1521.0,727.0,582458.0,467.09,259.1,1.8,2023,1
Crawford,1261.0,2283.0,1543.0,740.0,600913.0,476.54,263.21,1.81,2023,2
Crawford,1283.0,2307.0,1562.0,745.0,350440.0,273.14,151.9,1.8,2023,3
Crawford,1281.0,2295.0,1551.0,744.0,350892.0,273.92,152.89,1.79,2023,4
Crawford,1274.0,2275.0,1538.0,737.0,351848.0,276.18,154.66,1.79,2023,5
Crawford,1250.0,2243.0,1512.0,731.0,343094.0,274.48,152.96,1.79,2023,6
Crawford,1228.0,2184.0,1477.0,707.0,348567.0,283.85,159.6,1.78,2023,7
Crawford,1217.0,2150.0,1465.0,685.0,346621.0,284.82,161.22,1.77,2023,8
Crawford,1231.0,2196.0,1484.0,712.0,350770.0,284.95,159.73,1.78,2023,9
Delta,2369.0,4192.0,2779.0,1413.0,1146559.0,483.98,273.51,1.77,2023,10
Delta,2376.0,4211.0,2780.0,1431.0,1116703.0,469.99,265.19,1.77,2023,11
Delta,2379.0,4252.0,2800.0,1452.0,1139429.0,478.95,267.97,1.79,2023,12
Delta,2431.0,4341.0,2864.0,1477.0,1153224.0,474.38,265.66,1.79,2023,1
Delta,2455.0,4376.0,2881.0,1495.0,1164090.0,474.17,266.02,1.78,2023,2
Delta,2503.0,4490.0,2947.0,1543.0,670883.0,268.03,149.42,1.79,2023,3
Delta,2492.0,4457.0,2933.0,1524.0,669450.0,268.64,150.2,1.79,2023,4
Delta,2491.0,4434.0,2927.0,1507.0,661689.0,265.63,149.23,1.78,2023,5
Delta,2457.0,4377.0,2887.0,1490.0,655864.0,266.94,149.84,1.78,2023,6
Delta,2460.0,4371.0,2887.0,1484.0,671682.0,273.04,153.67,1.78,2023,7
Delta,2446.0,4344.0,2872.0,1472.0,662852.0,270.99,152.59,1.78,2023,8
Delta,2460.0,4359.0,2892.0,1467.0,662172.0,269.18,151.91,1.77,2023,9
Dickinson,1480.0,2651.0,1721.0,930.0,724794.0,489.73,273.4,1.79,2023,10
Dickinson,1490.0,2667.0,1727.0,940.0,706504.0,474.16,264.91,1.79,2023,11
Dickinson,1497.0,2677.0,1733.0,944.0,721384.0,481.89,269.47,1.79,2023,12
Dickinson,1514.0,2715.0,1757.0,958.0,719040.0,474.93,264.84,1.79,2023,1
Dickinson,1519.0,2708.0,1765.0,943.0,728820.0,479.8,269.14,1.78,2023,2
Dickinson,1511.0,2717.0,1751.0,966.0,409374.0,270.93,150.67,1.8,2023,3
Dickinson,1511.0,2693.0,1742.0,951.0,410400.0,271.61,152.4,1.78,2023,4
Dickinson,1491.0,2662.0,1724.0,938.0,409831.0,274.87,153.96,1.79,2023,5
Dickinson,1480.0,2632.0,1712.0,920.0,400151.0,270.37,152.03,1.78,2023,6
Dickinson,1491.0,2651.0,1715.0,936.0,406788.0,272.83,153.45,1.78,2023,7
Dickinson,1472.0,2612.0,1693.0,919.0,402076.0,273.15,153.93,1.77,2023,8
Dickinson,1472.0,2607.0,1701.0,906.0,399153.0,271.16,153.11,1.77,2023,9
Eaton,5504.0,10256.0,6199.0,4057.0,2805427.0,509.71,273.54,1.86,2023,10
Eaton,5503.0,10281.0,6207.0,4074.0,2718878.0,494.07,264.46,1.87,2023,11
Eaton,5524.0,10354.0,6248.0,4106.0,2755558.0,498.83,266.13,1.87,2023,12
Eaton,5594.0,10497.0,6328.0,4169.0,2750578.0,491.7,262.03,1.88,2023,1
Eaton,5642.0,10603.0,6379.0,4224.0,2796458.0,495.65,263.74,1.88,2023,2
Eaton,5637.0,10505.0,6355.0,4150.0,1739487.0,308.58,165.59,1.86,2023,3
Eaton,5669.0,10628.0,6437.0,4191.0,1748313.0,308.4,164.5,1.87,2023,4
Eaton,5666.0,10649.0,6422.0,4227.0,1768962.0,312.21,166.12,1.88,2023,5
Eaton,5694.0,10651.0,6450.0,4201.0,1762839.0,309.6,165.51,1.87,2023,6
Eaton,5688.0,10648.0,6445.0,4203.0,1790398.0,314.77,168.14,1.87,2023,7
Eaton,5651.0,10602.0,6392.0,4210.0,1792941.0,317.28,169.11,1.88,2023,8
Eaton,5644.0,10604.0,6390.0,4214.0,1779029.0,315.21,167.77,1.88,2023,9
Emmet,1239.0,2193.0,1432.0,761.0,604434.0,487.84,275.62,1.77,2023,10
Emmet,1255.0,2202.0,1450.0,752.0,590527.0,470.54,268.18,1.75,2023,11
Emmet,1280.0,2272.0,1484.0,788.0,616755.0,481.84,271.46,1.78,2023,12
Emmet,1317.0,2306.0,1521.0,785.0,619984.0,470.75,268.86,1.75,2023,1
Emmet,1334.0,2363.0,1547.0,816.0,637474.0,477.87,269.77,1.77,2023,2
Emmet,1348.0,2363.0,1555.0,808.0,366174.0,271.64,154.96,1.75,2023,3
Emmet,1363.0,2394.0,1575.0,819.0,372355.0,273.19,155.54,1.76,2023,4
Emmet,1373.0,2431.0,1587.0,844.0,381425.0,277.8,156.9,1.77,2023,5
Emmet,1337.0,2338.0,1534.0,804.0,360664.0,269.76,154.26,1.75,2023,6
Emmet,1327.0,2298.0,1522.0,776.0,361299.0,272.27,157.22,1.73,2023,7
Emmet,1313.0,2240.0,1493.0,747.0,356687.0,271.66,159.24,1.71,2023,8
Emmet,1296.0,2198.0,1485.0,713.0,347161.0,267.87,157.94,1.7,2023,9
Genesee,43562.0,80551.0,48443.0,32108.0,22319108.0,512.35,277.08,1.85,2023,10
Genesee,43559.0,80525.0,48485.0,32040.0,21631923.0,496.61,268.64,1.85,2023,11
Genesee,43359.0,80162.0,48306.0,31856.0,21832796.0,503.54,272.36,1.85,2023,12
Genesee,43879.0,81265.0,48951.0,32314.0,21849711.0,497.95,268.87,1.85,2023,1
Genesee,43857.0,81041.0,48881.0,32160.0,21901727.0,499.39,270.25,1.85,2023,2
Genesee,43823.0,80953.0,48879.0,32074.0,14142194.93,322.71,174.7,1.85,2023,3
Genesee,43987.0,81303.0,49002.0,32301.0,14302440.0,325.15,175.92,1.85,2023,4
Genesee,43753.0,80863.0,48755.0,32108.0,14317392.0,327.23,177.06,1.85,2023,5
Genesee,43831.0,81163.0,48823.0,32340.0,14296770.0,326.18,176.15,1.85,2023,6
Genesee,44031.0,81483.0,49046.0,32437.0,14538814.0,330.19,178.43,1.85,2023,7
Genesee,44053.0,81603.0,49039.0,32564.0,14642771.0,332.39,179.44,1.85,2023,8
Genesee,44056.0,81248.0,48972.0,32276.0,14520267.0,329.59,178.72,1.84,2023,9
Gladwin,2195.0,3816.0,2633.0,1183.0,1055448.0,480.84,276.58,1.74,2023,10
Gladwin,2223.0,3900.0,2676.0,1224.0,1026290.0,461.67,263.15,1.75,2023,11
Gladwin,2240.0,3934.0,2700.0,1234.0,1057736.0,472.2,268.87,1.76,2023,12
Gladwin,2262.0,3957.0,2717.0,1240.0,1052573.0,465.33,266.0,1.75,2023,1
Gladwin,2282.0,3989.0,2756.0,1233.0,1079018.0,472.84,270.5,1.75,2023,2
Gladwin,2287.0,3959.0,2739.0,1220.0,624043.0,272.87,157.63,1.73,2023,3
Gladwin,2263.0,3924.0,2714.0,1210.0,617355.0,272.8,157.33,1.73,2023,4
Gladwin,2272.0,3962.0,2728.0,1234.0,624300.0,274.78,157.57,1.74,2023,5
Gladwin,2262.0,3956.0,2731.0,1225.0,619214.0,273.75,156.53,1.75,2023,6
Gladwin,2262.0,3946.0,2725.0,1221.0,631022.0,278.97,159.91,1.74,2023,7
Gladwin,2264.0,3968.0,2730.0,1238.0,624579.0,275.87,157.4,1.75,2023,8
Gladwin,2249.0,3915.0,2704.0,1211.0,624273.0,277.58,159.46,1.74,2023,9
Gogebic,1443.0,2469.0,1700.0,769.0,689194.0,477.61,279.14,1.71,2023,10
Gogebic,1446.0,2492.0,1711.0,781.0,674039.0,466.14,270.48,1.72,2023,11
Gogebic,1431.0,2465.0,1697.0,768.0,681158.0,476.0,276.33,1.72,2023,12
Gogebic,1432.0,2434.0,1693.0,741.0,663859.0,463.59,272.74,1.7,2023,1
Gogebic,1433.0,2437.0,1694.0,743.0,668992.0,466.85,274.51,1.7,2023,2
Gogebic,1435.0,2473.0,1707.0,766.0,391051.0,272.51,158.13,1.72,2023,3
Gogebic,1434.0,2466.0,1699.0,767.0,397812.0,277.41,161.32,1.72,2023,4
Gogebic,1456.0,2489.0,1720.0,769.0,398881.0,273.96,160.26,1.71,2023,5
Gogebic,1452.0,2458.0,1712.0,746.0,400187.0,275.61,162.81,1.69,2023,6
Gogebic,1445.0,2445.0,1703.0,742.0,400463.0,277.14,163.79,1.69,2023,7
Gogebic,1452.0,2455.0,1707.0,748.0,401094.0,276.24,163.38,1.69,2023,8
Gogebic,1453.0,2447.0,1706.0,741.0,395156.0,271.96,161.49,1.68,2023,9
Grand Traverse,3488.0,6167.0,3954.0,2213.0,1678844.0,481.32,272.23,1.77,2023,10
Grand Traverse,3538.0,6242.0,3993.0,2249.0,1625932.0,459.56,260.48,1.76,2023,11
Grand Traverse,3523.0,6181.0,3982.0,2199.0,1646378.0,467.32,266.36,1.75,2023,12
Grand Traverse,3612.0,6367.0,4088.0,2279.0,1679308.0,464.92,263.75,1.76,2023,1
Grand Traverse,3646.0,6406.0,4136.0,2270.0,1718983.0,471.47,268.34,1.76,2023,2
Grand Traverse,3628.0,6339.0,4097.0,2242.0,955011.0,263.23,150.66,1.75,2023,3
Grand Traverse,3670.0,6459.0,4148.0,2311.0,970094.0,264.33,150.19,1.76,2023,4
Grand Traverse,3680.0,6492.0,4172.0,2320.0,981208.0,266.63,151.14,1.76,2023,5
Grand Traverse,3640.0,6386.0,4111.0,2275.0,954405.0,262.2,149.45,1.75,2023,6
Grand Traverse,3620.0,6274.0,4084.0,2190.0,955315.0,263.9,152.27,1.73,2023,7
Grand Traverse,3632.0,6299.0,4092.0,2207.0,966582.0,266.13,153.45,1.73,2023,8
Grand Traverse,3617.0,6311.0,4087.0,2224.0,973035.0,269.02,154.18,1.74,2023,9
Gratiot,2708.0,5329.0,3266.0,2063.0,1447800.0,534.64,271.68,1.97,2023,10
Gratiot,2748.0,5386.0,3304.0,2082.0,1410822.0,513.4,261.94,1.96,2023,11
Gratiot,2782.0,5480.0,3346.0,2134.0,1443920.0,519.02,263.49,1.97,2023,12
Gratiot,2840.0,5639.0,3445.0,2194.0,1467673.0,516.79,260.27,1.99,2023,1
Gratiot,2867.0,5638.0,3461.0,2177.0,1485912.0,518.28,263.55,1.97,2023,2
Gratiot,2865.0,5646.0,3457.0,2189.0,869551.0,303.51,154.01,1.97,2023,3
Gratiot,2857.0,5611.0,3458.0,2153.0,867543.0,303.66,154.61,1.96,2023,4
Gratiot,2827.0,5562.0,3419.0,2143.0,870005.0,307.75,156.42,1.97,2023,5
Gratiot,2866.0,5632.0,3463.0,2169.0,865989.0,302.16,153.76,1.97,2023,6
Gratiot,2855.0,5617.0,3451.0,2166.0,881879.0,308.89,157.0,1.97,2023,7
Gratiot,2861.0,5642.0,3470.0,2172.0,882532.0,308.47,156.42,1.97,2023,8
Gratiot,2889.0,5725.0,3501.0,2224.0,891160.0,308.47,155.66,1.98,2023,9
Hillsdale,3102.0,6028.0,3738.0,2290.0,1615788.0,520.89,268.05,1.94,2023,10
Hillsdale,3117.0,6074.0,3765.0,2309.0,1565288.0,502.18,257.7,1.95,2023,11
Hillsdale,3135.0,6148.0,3807.0,2341.0,1608827.0,513.18,261.68,1.96,2023,12
Hillsdale,3149.0,6160.0,3828.0,2332.0,1615318.0,512.96,262.23,1.96,2023,1
Hillsdale,3154.0,6130.0,3808.0,2322.0,1611533.0,510.95,262.89,1.94,2023,2
Hillsdale,3145.0,6123.0,3797.0,2326.0,963584.0,306.39,157.37,1.95,2023,3
Hillsdale,3112.0,6056.0,3746.0,2310.0,961210.0,308.87,158.72,1.95,2023,4
Hillsdale,3115.0,6071.0,3751.0,2320.0,962419.0,308.96,158.53,1.95,2023,5
Hillsdale,3081.0,5987.0,3713.0,2274.0,937226.0,304.2,156.54,1.94,2023,6
Hillsdale,3103.0,6013.0,3716.0,2297.0,951123.0,306.52,158.18,1.94,2023,7
Hillsdale,3094.0,5956.0,3703.0,2253.0,955600.0,308.86,160.44,1.93,2023,8
Hillsdale,3113.0,5970.0,3732.0,2238.0,942640.0,302.81,157.9,1.92,2023,9
Houghton,1873.0,3478.0,2240.0,1238.0,945002.0,504.54,271.71,1.86,2023,10
Houghton,1874.0,3506.0,2255.0,1251.0,921279.0,491.61,262.77,1.87,2023,11
Houghton,1874.0,3486.0,2250.0,1236.0,931202.0,496.91,267.13,1.86,2023,12
Houghton,1861.0,3471.0,2234.0,1237.0,924093.0,496.56,266.23,1.87,2023,1
Houghton,1873.0,3462.0,2243.0,1219.0,922933.0,492.76,266.59,1.85,2023,2
Houghton,1875.0,3481.0,2235.0,1246.0,527603.0,281.39,151.57,1.86,2023,3
Houghton,1881.0,3503.0,2246.0,1257.0,530731.0,282.15,151.51,1.86,2023,4
Houghton,1873.0,3482.0,2232.0,1250.0,533519.0,284.85,153.22,1.86,2023,5
Houghton,1868.0,3475.0,2223.0,1252.0,527270.0,282.26,151.73,1.86,2023,6
Houghton,1856.0,3460.0,2198.0,1262.0,526953.0,283.92,152.3,1.86,2023,7
Houghton,1843.0,3415.0,2181.0,1234.0,528611.0,286.82,154.79,1.85,2023,8
Houghton,1860.0,3487.0,2211.0,1276.0,537188.0,288.81,154.05,1.87,2023,9
Huron,1959.0,3517.0,2309.0,1208.0,956476.0,488.25,271.96,1.8,2023,10
Huron,1934.0,3446.0,2286.0,1160.0,911632.0,471.37,264.55,1.78,2023,11
Huron,1947.0,3465.0,2296.0,1169.0,934104.0,479.77,269.58,1.78,2023,12
Huron,1949.0,3528.0,2319.0,1209.0,932178.0,478.29,264.22,1.81,2023,1
Huron,1951.0,3530.0,2331.0,1199.0,939785.0,481.69,266.23,1.81,2023,2
Huron,1930.0,3464.0,2300.0,1164.0,496834.0,257.43,143.43,1.79,2023,3
Huron,1930.0,3449.0,2304.0,1145.0,505794.0,262.07,146.65,1.79,2023,4
Huron,1921.0,3469.0,2301.0,1168.0,510451.0,265.72,147.15,1.81,2023,5
Huron,1918.0,3448.0,2290.0,1158.0,509946.0,265.87,147.9,1.8,2023,6
Huron,1906.0,3409.0,2268.0,1141.0,519409.0,272.51,152.36,1.79,2023,7
Huron,1922.0,3445.0,2281.0,1164.0,523722.0,272.49,152.02,1.79,2023,8
Huron,1906.0,3464.0,2269.0,1195.0,522767.0,274.27,150.91,1.82,2023,9
Ingham,21834.0,40670.0,24266.0,16404.0,11112628.0,508.96,273.24,1.86,2023,10
Ingham,21873.0,40684.0,24281.0,16403.0,10680133.0,488.28,262.51,1.86,2023,11
Ingham,21974.0,40799.0,24373.0,16426.0,10904151.0,496.23,267.27,1.86,2023,12
Ingham,22096.0,40977.0,24537.0,16440.0,10895959.0,493.12,265.9,1.85,2023,1
Ingham,22151.0,41136.0,24591.0,16545.0,10984811.0,495.91,267.04,1.86,2023,2
Ingham,22340.0,41416.0,24790.0,16626.0,7094366.0,317.56,171.3,1.85,2023,3
Ingham,22423.0,41671.0,24904.0,16767.0,7163287.0,319.46,171.9,1.86,2023,4
Ingham,22509.0,41895.0,24993.0,16902.0,7234291.0,321.4,172.68,1.86,2023,5
Ingham,22720.0,42218.0,25201.0,17017.0,7292375.0,320.97,172.73,1.86,2023,6
Ingham,22723.0,42168.0,25219.0,16949.0,7371882.0,324.42,174.82,1.86,2023,7
Ingham,22700.0,42166.0,25224.0,16942.0,7410143.0,326.44,175.74,1.86,2023,8
Ingham,22649.0,42074.0,25173.0,16901.0,7368932.0,325.35,175.14,1.86,2023,9
Ionia,3705.0,7045.0,4343.0,2702.0,1916865.0,517.37,272.09,1.9,2023,10
Ionia,3722.0,7084.0,4370.0,2714.0,1862989.0,500.53,262.99,1.9,2023,11
Ionia,3732.0,7091.0,4385.0,2706.0,1902697.0,509.83,268.33,1.9,2023,12
Ionia,3763.0,7181.0,4428.0,2753.0,1895617.0,503.75,263.98,1.91,2023,1
Ionia,3762.0,7180.0,4432.0,2748.0,1912930.0,508.49,266.42,1.91,2023,2
Ionia,3734.0,7082.0,4373.0,2709.0,1097541.0,293.93,154.98,1.9,2023,3
Ionia,3751.0,7130.0,4391.0,2739.0,1091584.0,291.01,153.1,1.9,2023,4
Ionia,3729.0,7125.0,4369.0,2756.0,1098060.0,294.47,154.11,1.91,2023,5
Ionia,3744.0,7118.0,4380.0,2738.0,1096349.0,292.83,154.02,1.9,2023,6
Ionia,3696.0,6969.0,4315.0,2654.0,1109116.0,300.09,159.15,1.89,2023,7
Ionia,3731.0,6979.0,4346.0,2633.0,1133241.0,303.74,162.38,1.87,2023,8
Ionia,3722.0,6965.0,4324.0,2641.0,1117214.0,300.16,160.4,1.87,2023,9
Iosco,2497.0,4438.0,2966.0,1472.0,1214747.0,486.48,273.71,1.78,2023,10
Iosco,2508.0,4481.0,2985.0,1496.0,1183565.0,471.92,264.13,1.79,2023,11
Iosco,2513.0,4499.0,3003.0,1496.0,1190596.0,473.77,264.64,1.79,2023,12
Iosco,2530.0,4516.0,3028.0,1488.0,1189254.0,470.06,263.34,1.78,2023,1
Iosco,2585.0,4607.0,3092.0,1515.0,1214180.0,469.7,263.55,1.78,2023,2
Iosco,2576.0,4540.0,3062.0,1478.0,700793.0,272.05,154.36,1.76,2023,3
Iosco,2568.0,4588.0,3075.0,1513.0,710270.0,276.58,154.81,1.79,2023,4
Iosco,2555.0,4591.0,3064.0,1527.0,714137.0,279.51,155.55,1.8,2023,5
Iosco,2511.0,4472.0,2989.0,1483.0,687264.0,273.7,153.68,1.78,2023,6
Iosco,2482.0,4445.0,2962.0,1483.0,698475.0,281.42,157.14,1.79,2023,7
Iosco,2446.0,4357.0,2913.0,1444.0,687049.0,280.89,157.69,1.78,2023,8
Iosco,2439.0,4350.0,2906.0,1444.0,680129.0,278.86,156.35,1.78,2023,9
Iron,935.0,1757.0,1135.0,622.0,480120.0,513.5,273.26,1.88,2023,10
Iron,953.0,1797.0,1157.0,640.0,477334.0,500.88,265.63,1.89,2023,11
Iron,948.0,1784.0,1152.0,632.0,481961.0,508.4,270.16,1.88,2023,12
Iron,971.0,1817.0,1182.0,635.0,478828.0,493.13,263.53,1.87,2023,1
Iron,984.0,1826.0,1188.0,638.0,489134.0,497.09,267.87,1.86,2023,2
Iron,995.0,1842.0,1203.0,639.0,297704.0,299.2,161.62,1.85,2023,3
Iron,1001.0,1862.0,1206.0,656.0,299893.0,299.59,161.06,1.86,2023,4
Iron,1019.0,1891.0,1225.0,666.0,307009.0,301.28,162.35,1.86,2023,5
Iron,1012.0,1885.0,1219.0,666.0,307539.0,303.89,163.15,1.86,2023,6
Iron,1016.0,1883.0,1218.0,665.0,306263.0,301.44,162.65,1.85,2023,7
Iron,993.0,1831.0,1187.0,644.0,303573.0,305.71,165.8,1.84,2023,8
Iron,999.0,1834.0,1197.0,637.0,304268.0,304.57,165.9,1.84,2023,9
Isabella,4191.0,7628.0,4905.0,2723.0,2087658.0,498.13,273.68,1.82,2023,10
Isabella,4202.0,7675.0,4927.0,2748.0,2028461.0,482.74,264.29,1.83,2023,11
Isabella,4239.0,7727.0,4962.0,2765.0,2088307.0,492.64,270.26,1.82,2023,12
Isabella,4308.0,7850.0,5065.0,2785.0,2081845.31,483.25,265.2,1.82,2023,1
Isabella,4335.0,7907.0,5081.0,2826.0,2106674.0,485.97,266.43,1.82,2023,2
Isabella,4417.0,7991.0,5156.0,2835.0,1312670.0,297.19,164.27,1.81,2023,3
Isabella,4424.0,7975.0,5165.0,2810.0,1318380.0,298.01,165.31,1.8,2023,4
Isabella,4434.0,7971.0,5157.0,2814.0,1326861.0,299.25,166.46,1.8,2023,5
Isabella,4430.0,7972.0,5152.0,2820.0,1310970.0,295.93,164.45,1.8,2023,6
Isabella,4431.0,8016.0,5169.0,2847.0,1325656.0,299.18,165.38,1.81,2023,7
Isabella,4406.0,8002.0,5157.0,2845.0,1343236.0,304.87,167.86,1.82,2023,8
Isabella,4423.0,8055.0,5170.0,2885.0,1340443.0,303.06,166.41,1.82,2023,9
Jackson,11024.0,21029.0,12449.0,8580.0,5726089.0,519.42,272.29,1.91,2023,10
Jackson,10984.0,20883.0,12389.0,8494.0,5486592.0,499.51,262.73,1.9,2023,11
Jackson,10983.0,20888.0,12426.0,8462.0,5615708.0,511.31,268.85,1.9,2023,12
Jackson,11087.0,21148.0,12593.0,8555.0,5591509.0,504.33,264.4,1.91,2023,1
Jackson,11199.0,21384.0,12735.0,8649.0,5703743.0,509.31,266.73,1.91,2023,2
Jackson,11150.0,21255.0,12680.0,8575.0,3396896.0,304.65,159.82,1.91,2023,3
Jackson,11231.0,21463.0,12785.0,8678.0,3423599.0,304.83,159.51,1.91,2023,4
Jackson,11166.0,21300.0,12701.0,8599.0,3440625.0,308.13,161.53,1.91,2023,5
Jackson,11114.0,21188.0,12609.0,8579.0,3399922.0,305.91,160.46,1.91,2023,6
Jackson,11168.0,21295.0,12689.0,8606.0,3472645.0,310.95,163.07,1.91,2023,7
Jackson,11206.0,21283.0,12697.0,8586.0,3526007.0,314.65,165.67,1.9,2023,8
Jackson,11315.0,21413.0,12807.0,8606.0,3508482.0,310.07,163.85,1.89,2023,9
Kalamazoo,17753.0,32455.0,19359.0,13096.0,8971560.0,505.35,276.43,1.83,2023,10
Kalamazoo,17691.0,32470.0,19352.0,13118.0,8645603.0,488.7,266.26,1.84,2023,11
Kalamazoo,17817.0,32586.0,19489.0,13097.0,8840794.0,496.2,271.31,1.83,2023,12
Kalamazoo,17993.0,32959.0,19709.0,13250.0,8851001.0,491.91,268.55,1.83,2023,1
Kalamazoo,18008.0,32905.0,19733.0,13172.0,8936031.0,496.23,271.57,1.83,2023,2
Kalamazoo,18108.0,32990.0,19806.0,13184.0,5544675.0,306.2,168.07,1.82,2023,3
Kalamazoo,18118.0,32977.0,19822.0,13155.0,5570726.0,307.47,168.93,1.82,2023,4
Kalamazoo,18163.0,33011.0,19869.0,13142.0,5603717.0,308.52,169.75,1.82,2023,5
Kalamazoo,18266.0,33152.0,19943.0,13209.0,5608989.0,307.07,169.19,1.81,2023,6
Kalamazoo,18214.0,33084.0,19894.0,13190.0,5716243.0,313.84,172.78,1.82,2023,7
Kalamazoo,18272.0,33215.0,19910.0,13305.0,5781993.0,316.44,174.08,1.82,2023,8
Kalamazoo,18286.0,33159.0,19870.0,13289.0,5755987.0,314.78,173.59,1.81,2023,9
Kalkaska,1212.0,2190.0,1462.0,728.0,597783.0,493.22,272.96,1.81,2023,10
Kalkaska,1231.0,2253.0,1490.0,763.0,586788.0,476.68,260.45,1.83,2023,11
Kalkaska,1272.0,2350.0,1548.0,802.0,626359.0,492.42,266.54,1.85,2023,12
Kalkaska,1302.0,2446.0,1592.0,854.0,644026.0,494.64,263.3,1.88,2023,1
Kalkaska,1300.0,2425.0,1584.0,841.0,641589.0,493.53,264.57,1.87,2023,2
Kalkaska,1305.0,2443.0,1586.0,857.0,355469.0,272.39,145.51,1.87,2023,3
Kalkaska,1286.0,2400.0,1562.0,838.0,349735.0,271.96,145.72,1.87,2023,4
Kalkaska,1293.0,2402.0,1570.0,832.0,348441.0,269.48,145.06,1.86,2023,5
Kalkaska,1260.0,2325.0,1523.0,802.0,340084.0,269.91,146.27,1.85,2023,6
Kalkaska,1261.0,2331.0,1520.0,811.0,341842.0,271.09,146.65,1.85,2023,7
Kalkaska,1273.0,2334.0,1525.0,809.0,345456.0,271.37,148.01,1.83,2023,8
Kalkaska,1270.0,2309.0,1510.0,799.0,348154.0,274.14,150.78,1.82,2023,9
Kent,37023.0,70392.0,39642.0,30750.0,19219470.0,519.12,273.03,1.9,2023,10
Kent,36923.0,70194.0,39587.0,30607.0,18491121.0,500.8,263.43,1.9,2023,11
Kent,36891.0,70228.0,39627.0,30601.0,18822341.0,510.21,268.02,1.9,2023,12
Kent,37407.0,71182.0,40240.0,30942.0,18861874.0,504.23,264.98,1.9,2023,1
Kent,37474.0,71227.0,40331.0,30896.0,19041126.31,508.12,267.33,1.9,2023,2
Kent,37631.0,71257.0,40432.0,30825.0,11644004.0,309.43,163.41,1.89,2023,3
Kent,37684.0,71486.0,40496.0,30990.0,11740129.0,311.54,164.23,1.9,2023,4
Kent,37913.0,72118.0,40804.0,31314.0,11938617.0,314.9,165.54,1.9,2023,5
Kent,38152.0,72480.0,41070.0,31410.0,11991566.06,314.31,165.45,1.9,2023,6
Kent,37783.0,71812.0,40675.0,31137.0,12107572.0,320.45,168.6,1.9,2023,7
Kent,37776.0,71552.0,40573.0,30979.0,12172436.0,322.23,170.12,1.89,2023,8
Kent,37863.0,71629.0,40703.0,30926.0,12134543.0,320.49,169.41,1.89,2023,9
Keweenaw,104.0,164.0,124.0,40.0,46000.0,442.31,280.49,1.58,2023,10
Keweenaw,105.0,167.0,127.0,40.0,44472.0,423.54,266.3,1.59,2023,11
Keweenaw,108.0,173.0,130.0,43.0,46375.0,429.4,268.06,1.6,2023,12
Keweenaw,111.0,175.0,132.0,43.0,45883.0,413.36,262.19,1.58,2023,1
Keweenaw,107.0,171.0,129.0,42.0,46129.0,431.11,269.76,1.6,2023,2
Keweenaw,109.0,169.0,129.0,40.0,22416.0,205.65,132.64,1.55,2023,3
Keweenaw,113.0,176.0,133.0,43.0,23209.0,205.39,131.87,1.56,2023,4
Keweenaw,114.0,179.0,135.0,44.0,24221.0,212.46,135.31,1.57,2023,5
Keweenaw,117.0,192.0,139.0,53.0,27820.0,237.78,144.9,1.64,2023,6
Keweenaw,115.0,190.0,137.0,53.0,27416.0,238.4,144.29,1.65,2023,7
Keweenaw,113.0,186.0,134.0,52.0,27488.0,243.26,147.78,1.65,2023,8
Keweenaw,114.0,192.0,137.0,55.0,28692.0,251.68,149.44,1.68,2023,9
Lake,1525.0,2641.0,1859.0,782.0,726292.0,476.26,275.01,1.73,2023,10
Lake,1514.0,2618.0,1851.0,767.0,701871.0,463.59,268.09,1.73,2023,11
Lake,1524.0,2662.0,1866.0,796.0,720038.0,472.47,270.49,1.75,2023,12
Lake,1548.0,2733.0,1894.0,839.0,727699.0,470.09,266.26,1.77,2023,1
Lake,1529.0,2691.0,1869.0,822.0,725788.0,474.68,269.71,1.76,2023,2
Lake,1539.0,2715.0,1883.0,832.0,427669.0,277.89,157.52,1.76,2023,3
Lake,1551.0,2741.0,1899.0,842.0,428550.0,276.31,156.35,1.77,2023,4
Lake,1511.0,2651.0,1851.0,800.0,420920.0,278.57,158.78,1.75,2023,5
Lake,1508.0,2606.0,1831.0,775.0,415838.0,275.75,159.57,1.73,2023,6
Lake,1516.0,2640.0,1836.0,804.0,413814.0,272.96,156.75,1.74,2023,7
Lake,1488.0,2594.0,1801.0,793.0,411783.0,276.74,158.74,1.74,2023,8
Lake,1499.0,2603.0,1819.0,784.0,409922.0,273.46,157.48,1.74,2023,9
Lapeer,4106.0,7925.0,4832.0,3093.0,2138881.0,520.92,269.89,1.93,2023,10
Lapeer,4134.0,7988.0,4871.0,3117.0,2069099.0,500.51,259.03,1.93,2023,11
Lapeer,4193.0,8138.0,4962.0,3176.0,2154795.0,513.9,264.78,1.94,2023,12
Lapeer,4277.0,8328.0,5069.0,3259.0,2176776.0,508.95,261.38,1.95,2023,1
Lapeer,4282.0,8351.0,5063.0,3288.0,2201359.0,514.1,263.6,1.95,2023,2
Lapeer,4331.0,8378.0,5114.0,3264.0,1304495.0,301.2,155.7,1.93,2023,3
Lapeer,4289.0,8270.0,5054.0,3216.0,1298661.0,302.79,157.03,1.93,2023,4
Lapeer,4251.0,8162.0,5001.0,3161.0,1295898.0,304.85,158.77,1.92,2023,5
Lapeer,4230.0,8103.0,4966.0,3137.0,1276979.0,301.89,157.59,1.92,2023,6
Lapeer,4209.0,8076.0,4934.0,3142.0,1281025.0,304.35,158.62,1.92,2023,7
Lapeer,4207.0,8074.0,4926.0,3148.0,1284626.0,305.35,159.11,1.92,2023,8
Lapeer,4221.0,8117.0,4944.0,3173.0,1287155.0,304.94,158.58,1.92,2023,9
Leelanau,388.0,744.0,446.0,298.0,199614.0,514.47,268.3,1.92,2023,10
Leelanau,381.0,734.0,445.0,289.0,187184.0,491.3,255.02,1.93,2023,11
Leelanau,388.0,753.0,449.0,304.0,197573.0,509.21,262.38,1.94,2023,12
Leelanau,399.0,776.0,464.0,312.0,203953.0,511.16,262.83,1.94,2023,1
Leelanau,397.0,763.0,460.0,303.0,199575.0,502.71,261.57,1.92,2023,2
Leelanau,394.0,743.0,456.0,287.0,112181.0,284.72,150.98,1.89,2023,3
Leelanau,385.0,719.0,443.0,276.0,113218.0,294.07,157.47,1.87,2023,4
Leelanau,388.0,718.0,447.0,271.0,110318.0,284.32,153.65,1.85,2023,5
Leelanau,389.0,730.0,444.0,286.0,112070.0,288.1,153.52,1.88,2023,6
Leelanau,392.0,739.0,445.0,294.0,113595.0,289.78,153.71,1.89,2023,7
Leelanau,391.0,729.0,445.0,284.0,110475.0,282.54,151.54,1.86,2023,8
Leelanau,384.0,713.0,431.0,282.0,110582.0,287.97,155.09,1.86,2023,9
Lenawee,5579.0,10851.0,6424.0,4427.0,2917244.0,522.9,268.85,1.94,2023,10
Lenawee,5557.0,10810.0,6393.0,4417.0,2798046.0,503.52,258.84,1.95,2023,11
Lenawee,5602.0,10869.0,6446.0,4423.0,2867624.0,511.89,263.84,1.94,2023,12
Lenawee,5650.0,10991.0,6515.0,4476.0,2874333.0,508.73,261.52,1.95,2023,1
Lenawee,5649.0,10937.0,6507.0,4430.0,2876085.0,509.13,262.97,1.94,2023,2
Lenawee,5606.0,10869.0,6456.0,4413.0,1716623.0,306.21,157.94,1.94,2023,3
Lenawee,5609.0,10854.0,6431.0,4423.0,1749834.0,311.97,161.22,1.94,2023,4
Lenawee,5606.0,10846.0,6431.0,4415.0,1738396.0,310.1,160.28,1.93,2023,5
Lenawee,5611.0,10931.0,6462.0,4469.0,1729402.0,308.22,158.21,1.95,2023,6
Lenawee,5627.0,10935.0,6482.0,4453.0,1760631.0,312.89,161.01,1.94,2023,7
Lenawee,5614.0,10836.0,6437.0,4399.0,1761787.0,313.82,162.59,1.93,2023,8
Lenawee,5614.0,10821.0,6438.0,4383.0,1757451.0,313.05,162.41,1.93,2023,9
Livingston,4467.0,7985.0,5037.0,2948.0,2214280.0,495.7,277.3,1.79,2023,10
Livingston,4506.0,8044.0,5091.0,2953.0,2139108.0,474.72,265.93,1.79,2023,11
Livingston,4531.0,8129.0,5141.0,2988.0,2203717.0,486.36,271.09,1.79,2023,12
Livingston,4602.0,8299.0,5235.0,3064.0,2199534.0,477.95,265.04,1.8,2023,1
Livingston,4586.0,8242.0,5199.0,3043.0,2212344.0,482.41,268.42,1.8,2023,2
Livingston,4553.0,8094.0,5137.0,2957.0,1333525.0,292.89,164.75,1.78,2023,3
Livingston,4540.0,8080.0,5119.0,2961.0,1325225.0,291.9,164.01,1.78,2023,4
Livingston,4484.0,7958.0,5061.0,2897.0,1317498.0,293.82,165.56,1.77,2023,5
Livingston,4448.0,7963.0,5009.0,2954.0,1309770.0,294.46,164.48,1.79,2023,6
Livingston,4421.0,7948.0,4984.0,2964.0,1328325.0,300.46,167.13,1.8,2023,7
Livingston,4364.0,7796.0,4913.0,2883.0,1314224.0,301.15,168.58,1.79,2023,8
Livingston,4404.0,7826.0,4967.0,2859.0,1312973.0,298.13,167.77,1.78,2023,9
Luce,460.0,854.0,559.0,295.0,231725.0,503.75,271.34,1.86,2023,10
Luce,467.0,861.0,565.0,296.0,227198.0,486.51,263.88,1.84,2023,11
Luce,475.0,886.0,576.0,310.0,234718.0,494.14,264.92,1.87,2023,12
Luce,481.0,883.0,579.0,304.0,238745.0,496.35,270.38,1.84,2023,1
Luce,484.0,890.0,582.0,308.0,238283.0,492.32,267.73,1.84,2023,2
Luce,491.0,901.0,592.0,309.0,138033.0,281.13,153.2,1.84,2023,3
Luce,482.0,885.0,582.0,303.0,138431.0,287.2,156.42,1.84,2023,4
Luce,482.0,879.0,581.0,298.0,141899.0,294.4,161.43,1.82,2023,5
Luce,477.0,853.0,572.0,281.0,139452.0,292.35,163.48,1.79,2023,6
Luce,471.0,840.0,565.0,275.0,136580.0,289.98,162.6,1.78,2023,7
Luce,469.0,837.0,565.0,272.0,137467.0,293.11,164.24,1.78,2023,8
Luce,470.0,846.0,568.0,278.0,134391.0,285.94,158.85,1.8,2023,9
Mackinac,501.0,842.0,591.0,251.0,235810.0,470.68,280.06,1.68,2023,10
Mackinac,520.0,899.0,617.0,282.0,229343.0,441.04,255.11,1.73,2023,11
Mackinac,538.0,926.0,634.0,292.0,252110.0,468.61,272.26,1.72,2023,12
Mackinac,564.0,974.0,675.0,299.0,258509.0,458.35,265.41,1.73,2023,1
Mackinac,576.0,1007.0,692.0,315.0,269090.0,467.17,267.22,1.75,2023,2
Mackinac,586.0,1015.0,702.0,313.0,152619.0,260.44,150.36,1.73,2023,3
Mackinac,587.0,1011.0,705.0,306.0,154641.0,263.44,152.96,1.72,2023,4
Mackinac,583.0,988.0,693.0,295.0,153776.0,263.77,155.64,1.69,2023,5
Mackinac,574.0,962.0,680.0,282.0,150623.0,262.41,156.57,1.68,2023,6
Mackinac,561.0,940.0,660.0,280.0,145461.0,259.29,154.75,1.68,2023,7
Mackinac,556.0,932.0,654.0,278.0,143473.0,258.04,153.94,1.68,2023,8
Mackinac,573.0,961.0,677.0,284.0,146903.0,256.38,152.86,1.68,2023,9
Macomb,57227.0,109271.0,67121.0,42150.0,29942984.0,523.23,274.02,1.91,2023,10
Macomb,57512.0,110177.0,67582.0,42595.0,29073784.92,505.53,263.88,1.92,2023,11
Macomb,57799.0,110910.0,67964.0,42946.0,29785745.0,515.33,268.56,1.92,2023,12
Macomb,58205.0,111776.0,68604.0,43172.0,29705605.0,510.36,265.76,1.92,2023,1
Macomb,58428.0,112346.0,68898.0,43448.0,29979708.0,513.11,266.85,1.92,2023,2
Macomb,58629.0,112568.0,69100.0,43468.0,19161253.0,326.82,170.22,1.92,2023,3
Macomb,58731.0,112638.0,69205.0,43433.0,19247386.0,327.72,170.88,1.92,2023,4
Macomb,58823.0,112749.0,69316.0,43433.0,19311670.0,328.3,171.28,1.92,2023,5
Macomb,59007.0,113037.0,69533.0,43504.0,19314695.0,327.33,170.87,1.92,2023,6
Macomb,58983.0,113048.0,69511.0,43537.0,19439213.0,329.57,171.96,1.92,2023,7
Macomb,58885.0,112585.0,69355.0,43230.0,19446827.0,330.25,172.73,1.91,2023,8
Macomb,59174.0,112973.0,69641.0,43332.0,19417677.0,328.15,171.88,1.91,2023,9
Manistee,1700.0,3041.0,2038.0,1003.0,847121.0,498.31,278.57,1.79,2023,10
Manistee,1747.0,3158.0,2096.0,1062.0,825434.0,472.49,261.38,1.81,2023,11
Manistee,1777.0,3211.0,2130.0,1081.0,866394.0,487.56,269.82,1.81,2023,12
Manistee,1811.0,3257.0,2177.0,1080.0,863486.0,476.8,265.12,1.8,2023,1
Manistee,1820.0,3261.0,2189.0,1072.0,878223.0,482.54,269.31,1.79,2023,2
Manistee,1822.0,3261.0,2180.0,1081.0,491996.0,270.03,150.87,1.79,2023,3
Manistee,1822.0,3255.0,2178.0,1077.0,488332.0,268.02,150.03,1.79,2023,4
Manistee,1824.0,3276.0,2180.0,1096.0,494605.0,271.17,150.98,1.8,2023,5
Manistee,1804.0,3226.0,2152.0,1074.0,486368.0,269.61,150.77,1.79,2023,6
Manistee,1795.0,3205.0,2136.0,1069.0,486191.0,270.86,151.7,1.79,2023,7
Manistee,1771.0,3116.0,2084.0,1032.0,475273.0,268.36,152.53,1.76,2023,8
Manistee,1774.0,3110.0,2085.0,1025.0,472481.0,266.34,151.92,1.75,2023,9
Marquette,3413.0,6002.0,3976.0,2026.0,1658408.0,485.91,276.31,1.76,2023,10
Marquette,3451.0,6087.0,4021.0,2066.0,1609429.0,466.37,264.4,1.76,2023,11
Marquette,3489.0,6175.0,4083.0,2092.0,1658593.0,475.38,268.6,1.77,2023,12
Marquette,3523.0,6224.0,4140.0,2084.0,1659593.0,471.07,266.64,1.77,2023,1
Marquette,3540.0,6256.0,4154.0,2102.0,1677467.0,473.86,268.14,1.77,2023,2
Marquette,3546.0,6263.0,4162.0,2101.0,979895.0,276.34,156.46,1.77,2023,3
Marquette,3549.0,6240.0,4163.0,2077.0,989809.0,278.9,158.62,1.76,2023,4
Marquette,3544.0,6210.0,4169.0,2041.0,979515.0,276.39,157.73,1.75,2023,5
Marquette,3543.0,6207.0,4149.0,2058.0,966517.0,272.8,155.71,1.75,2023,6
Marquette,3502.0,6132.0,4087.0,2045.0,979031.0,279.56,159.66,1.75,2023,7
Marquette,3448.0,6002.0,4007.0,1995.0,971107.0,281.64,161.8,1.74,2023,8
Marquette,3456.0,6013.0,4014.0,1999.0,962764.0,278.58,160.11,1.74,2023,9
Mason,2093.0,3937.0,2524.0,1413.0,1055348.0,504.23,268.06,1.88,2023,10
Mason,2084.0,3905.0,2499.0,1406.0,1019643.0,489.27,261.11,1.87,2023,11
Mason,2087.0,3908.0,2507.0,1401.0,1041752.0,499.16,266.57,1.87,2023,12
Mason,2138.0,4020.0,2590.0,1430.0,1055644.0,493.75,262.6,1.88,2023,1
Mason,2158.0,4021.0,2609.0,1412.0,1066526.0,494.22,265.24,1.86,2023,2
Mason,2168.0,4035.0,2611.0,1424.0,596714.0,275.24,147.88,1.86,2023,3
Mason,2166.0,4049.0,2613.0,1436.0,598672.0,276.4,147.86,1.87,2023,4
Mason,2153.0,3986.0,2587.0,1399.0,593953.0,275.87,149.01,1.85,2023,5
Mason,2145.0,3971.0,2567.0,1404.0,584938.0,272.7,147.3,1.85,2023,6
Mason,2118.0,3918.0,2528.0,1390.0,584186.0,275.82,149.1,1.85,2023,7
Mason,2073.0,3818.0,2469.0,1349.0,570440.0,275.18,149.41,1.84,2023,8
Mason,2072.0,3766.0,2466.0,1300.0,569003.0,274.62,151.09,1.82,2023,9
Mecosta,2851.0,5146.0,3375.0,1771.0,1421792.0,498.7,276.29,1.8,2023,10
Mecosta,2857.0,5179.0,3399.0,1780.0,1358586.0,475.53,262.33,1.81,2023,11
Mecosta,2868.0,5223.0,3411.0,1812.0,1392446.0,485.51,266.6,1.82,2023,12
Mecosta,2912.0,5331.0,3469.0,1862.0,1401901.0,481.42,262.97,1.83,2023,1
Mecosta,2921.0,5362.0,3487.0,1875.0,1423343.0,487.28,265.45,1.84,2023,2
Mecosta,2942.0,5393.0,3527.0,1866.0,841716.0,286.1,156.08,1.83,2023,3
Mecosta,2929.0,5393.0,3509.0,1884.0,851315.0,290.65,157.86,1.84,2023,4
Mecosta,2912.0,5345.0,3487.0,1858.0,859439.0,295.14,160.79,1.84,2023,5
Mecosta,2931.0,5364.0,3507.0,1857.0,851196.0,290.41,158.69,1.83,2023,6
Mecosta,2900.0,5346.0,3474.0,1872.0,857944.74,295.84,160.48,1.84,2023,7
Mecosta,2892.0,5315.0,3447.0,1868.0,859656.0,297.25,161.74,1.84,2023,8
Mecosta,2933.0,5401.0,3492.0,1909.0,862624.0,294.11,159.72,1.84,2023,9
Menominee,1362.0,2436.0,1575.0,861.0,654666.0,480.67,268.75,1.79,2023,10
Menominee,1362.0,2433.0,1570.0,863.0,641880.0,471.28,263.82,1.79,2023,11
Menominee,1372.0,2505.0,1597.0,908.0,661193.0,481.92,263.95,1.83,2023,12
Menominee,1393.0,2559.0,1626.0,933.0,677842.0,486.61,264.89,1.84,2023,1
Menominee,1406.0,2549.0,1636.0,913.0,675135.0,480.18,264.86,1.81,2023,2
Menominee,1405.0,2547.0,1628.0,919.0,385719.0,274.53,151.44,1.81,2023,3
Menominee,1405.0,2527.0,1635.0,892.0,380745.0,270.99,150.67,1.8,2023,4
Menominee,1389.0,2468.0,1608.0,860.0,383303.0,275.96,155.31,1.78,2023,5
Menominee,1396.0,2477.0,1616.0,861.0,385672.0,276.27,155.7,1.77,2023,6
Menominee,1402.0,2480.0,1623.0,857.0,384368.0,274.16,154.99,1.77,2023,7
Menominee,1384.0,2416.0,1591.0,825.0,379372.0,274.11,157.02,1.75,2023,8
Menominee,1362.0,2362.0,1562.0,800.0,372515.0,273.51,157.71,1.73,2023,9
Midland,4578.0,8417.0,5436.0,2981.0,2299078.0,502.2,273.15,1.84,2023,10
Midland,4599.0,8476.0,5490.0,2986.0,2217452.0,482.16,261.62,1.84,2023,11
Midland,4608.0,8497.0,5517.0,2980.0,2255184.0,489.41,265.41,1.84,2023,12
Midland,4694.0,8651.0,5613.0,3038.0,2275779.0,484.83,263.07,1.84,2023,1
Midland,4723.0,8700.0,5652.0,3048.0,2305113.0,488.06,264.96,1.84,2023,2
Midland,4721.0,8710.0,5647.0,3063.0,1329757.0,281.67,152.67,1.84,2023,3
Midland,4693.0,8671.0,5609.0,3062.0,1338225.0,285.15,154.33,1.85,2023,4
Midland,4717.0,8699.0,5629.0,3070.0,1349375.0,286.07,155.12,1.84,2023,5
Midland,4743.0,8733.0,5635.0,3098.0,1331694.0,280.77,152.49,1.84,2023,6
Midland,4715.0,8625.0,5586.0,3039.0,1355149.0,287.41,157.12,1.83,2023,7
Midland,4713.0,8628.0,5573.0,3055.0,1367807.0,290.22,158.53,1.83,2023,8
Midland,4743.0,8696.0,5599.0,3097.0,1367902.0,288.4,157.3,1.83,2023,9
Missaukee,951.0,1934.0,1182.0,752.0,510463.0,536.76,263.94,2.03,2023,10
Missaukee,954.0,1941.0,1185.0,756.0,492887.0,516.65,253.93,2.03,2023,11
Missaukee,975.0,2012.0,1211.0,801.0,515287.0,528.5,256.11,2.06,2023,12
Missaukee,984.0,2021.0,1210.0,811.0,513492.0,521.84,254.08,2.05,2023,1
Missaukee,977.0,2037.0,1209.0,828.0,522546.0,534.85,256.53,2.08,2023,2
Missaukee,985.0,2032.0,1214.0,818.0,291991.0,296.44,143.7,2.06,2023,3
Missaukee,972.0,1985.0,1190.0,795.0,288287.0,296.59,145.23,2.04,2023,4
Missaukee,968.0,1979.0,1190.0,789.0,286897.0,296.38,144.97,2.04,2023,5
Missaukee,959.0,1959.0,1183.0,776.0,278550.0,290.46,142.19,2.04,2023,6
Missaukee,960.0,1943.0,1176.0,767.0,288623.0,300.65,148.55,2.02,2023,7
Missaukee,960.0,1931.0,1173.0,758.0,282216.0,293.98,146.15,2.01,2023,8
Missaukee,942.0,1872.0,1148.0,724.0,280040.0,297.28,149.59,1.99,2023,9
Monroe,8218.0,15458.0,9242.0,6216.0,4233139.0,515.11,273.85,1.88,2023,10
Monroe,8264.0,15521.0,9263.0,6258.0,4106787.0,496.95,264.6,1.88,2023,11
Monroe,8269.0,15527.0,9254.0,6273.0,4183831.0,505.97,269.46,1.88,2023,12
Monroe,8331.0,15660.0,9333.0,6327.0,4154187.0,498.64,265.27,1.88,2023,1
Monroe,8315.0,15572.0,9297.0,6275.0,4205602.0,505.78,270.07,1.87,2023,2
Monroe,8307.0,15476.0,9271.0,6205.0,2550010.0,306.97,164.77,1.86,2023,3
Monroe,8228.0,15357.0,9191.0,6166.0,2529126.0,307.38,164.69,1.87,2023,4
Monroe,8202.0,15258.0,9153.0,6105.0,2535581.0,309.14,166.18,1.86,2023,5
Monroe,8216.0,15139.0,9160.0,5979.0,2503373.0,304.69,165.36,1.84,2023,6
Monroe,8237.0,15234.0,9187.0,6047.0,2548318.0,309.37,167.28,1.85,2023,7
Monroe,8220.0,15154.0,9165.0,5989.0,2545866.0,309.72,168.0,1.84,2023,8
Monroe,8269.0,15265.0,9225.0,6040.0,2536625.0,306.76,166.17,1.85,2023,9
Montcalm,4566.0,8968.0,5592.0,3376.0,2414740.0,528.85,269.26,1.96,2023,10
Montcalm,4605.0,8994.0,5635.0,3359.0,2329442.0,505.85,259.0,1.95,2023,11
Montcalm,4659.0,9130.0,5707.0,3423.0,2401868.0,515.53,263.07,1.96,2023,12
Montcalm,4733.0,9292.0,5814.0,3478.0,2424543.0,512.26,260.93,1.96,2023,1
Montcalm,4734.0,9321.0,5816.0,3505.0,2446829.0,516.86,262.51,1.97,2023,2
Montcalm,4704.0,9240.0,5776.0,3464.0,1384522.0,294.33,149.84,1.96,2023,3
Montcalm,4658.0,9160.0,5713.0,3447.0,1367914.0,293.67,149.34,1.97,2023,4
Montcalm,4672.0,9120.0,5701.0,3419.0,1363977.0,291.95,149.56,1.95,2023,5
Montcalm,4630.0,9019.0,5654.0,3365.0,1345507.0,290.61,149.19,1.95,2023,6
Montcalm,4613.0,8972.0,5640.0,3332.0,1356825.0,294.13,151.23,1.94,2023,7
Montcalm,4611.0,8950.0,5630.0,3320.0,1377177.0,298.67,153.87,1.94,2023,8
Montcalm,4628.0,8959.0,5654.0,3305.0,1373429.0,296.77,153.3,1.94,2023,9
