estimate,std_error,t_value,p_value,term,event_time,outcome,urban_group,n_obs,conf_low,conf_high
-0.05775106756765531,0.09981757030579876,-0.5785661521386515,0.5673485562637965,week_start_date::-26,-26,grocery,urban,4708,-0.2533935053670209,0.13789137023171025
-0.013841653662143953,0.07660489040848313,-0.1806889036500879,0.8578686041863259,week_start_date::-25,-25,grocery,urban,4708,-0.1639872388627709,0.13630393153848297
-0.022834143869712473,0.08175161393366846,-0.27931123033533767,0.7819883758688171,week_start_date::-24,-24,grocery,urban,4708,-0.18306730717970265,0.13739901944027771
-0.032561365142258714,0.07761384540570614,-0.4195303682229977,0.6779202545882586,week_start_date::-23,-23,grocery,urban,4708,-0.18468450213744272,0.1195617718529253
-0.0354824973644589,0.08069958742460022,-0.4396862300889846,0.6634237194324681,week_start_date::-22,-22,grocery,urban,4708,-0.19365368871667535,0.12268869398775753
-0.038117189445659505,0.0729334870508617,-0.5226294667506804,0.6052022632351504,week_start_date::-21,-21,grocery,urban,4708,-0.18106682406534844,0.10483244517402943
-0.04146581228555314,0.07187346419823538,-0.5769279768008065,0.568440007043764,week_start_date::-20,-20,grocery,urban,4708,-0.1823378021140945,0.09940617754298821
-0.011901575501805008,0.07133754552611019,-0.16683466488833604,0.868658001065105,week_start_date::-19,-19,grocery,urban,4708,-0.15172316473298098,0.12792001372937095
-0.012181284748753785,0.06971878282298746,-0.1747202727230833,0.862513554712216,week_start_date::-18,-18,grocery,urban,4708,-0.14883009908180922,0.12446752958430164
0.0022593647519635615,0.04959744593155937,0.045554054438232766,0.9639779386953853,week_start_date::-17,-17,grocery,urban,4708,-0.094951629273892793,0.09947035877781991
-0.012395793758726839,0.053380628853025545,-0.23221520662217265,0.8180018292004857,week_start_date::-16,-16,grocery,urban,4708,-0.1170218263106569,0.09223023879320323
-0.002950190918690071,0.052520936733228704,-0.05617171174373891,0.9555902486789367,week_start_date::-15,-15,grocery,urban,4708,-0.10589122691581833,0.09999084507843818
-0.010639587907132037,0.05001298850743177,-0.21273649555157112,0.8330208440693515,week_start_date::-14,-14,grocery,urban,4708,-0.10866504538169831,0.08738586956743423
-0.026432731614151703,0.052264825817755205,-0.505746095975165,0.616857747415559,week_start_date::-13,-13,grocery,urban,4708,-0.1288717902169519,0.0760063269886485
-0.010790120220858075,0.04665044865804224,-0.23129724431916962,0.8187080939211232,week_start_date::-12,-12,grocery,urban,4708,-0.10222499959062087,0.08064475914890473
-0.02309855893050642,0.04986398117326044,-0.4632313422838572,0.6466563174471716,week_start_date::-11,-11,grocery,urban,4708,-0.12083196203009688,0.07463484416908406
-0.022230069071168923,0.03601240110410663,-0.617289277849178,0.5418608708255661,week_start_date::-10,-10,grocery,urban,4708,-0.09281437523521792,0.04835423709288007
0.01661633013784635,0.02587645353930652,0.6421409376136504,0.5258257486180953,week_start_date::-9,-9,grocery,urban,4708,-0.03410151879919443,0.06733417907488713
-0.012995712118948548,0.027863199354061056,-0.4664113389783584,0.6444058698127915,week_start_date::-8,-8,grocery,urban,4708,-0.06760758285290822,0.041616158615011126
1.9629080591996792e-5,0.0286309139883258,6.855904285836111e-4,0.9994576725397555,week_start_date::-7,-7,grocery,urban,4708,-0.05609696233652657,0.05613622049771057
-0.008464888890099456,0.01714311221430497,-0.49377783825249527,0.6251822980327258,week_start_date::-6,-6,grocery,urban,4708,-0.0420653888301372,0.025135611049938285
0.01636887515602191,0.025147247298692246,0.6509211509950497,0.5202220668519987,week_start_date::-5,-5,grocery,urban,4708,-0.03291972954941489,0.0656574798614587
0.02910205937947657,0.023808590597334377,1.2223344032273316,0.23142328405022497,week_start_date::-4,-4,grocery,urban,4708,-0.017562778191298808,0.07576689695025195
0.03265442610783567,0.027830623373178754,1.1733271536887588,0.2502118003801531,week_start_date::-3,-3,grocery,urban,4708,-0.021893595703594684,0.08720244791926603
0.02406084425069173,0.02727477708293306,0.8821646526213988,0.38494169919754273,week_start_date::-2,-2,grocery,urban,4708,-0.029397718831857066,0.07751940733324053
0.03861876068328833,0.017075680518632924,2.261623520137172,0.03139305296282712,week_start_date::0,0,grocery,urban,4708,0.005150426866767803,0.07208709449980885
0.055235030740451406,0.02720977817604386,2.0299699021097366,0.051622244194920834,week_start_date::1,1,grocery,urban,4708,0.0019038655154054382,0.10856619596549738
0.059571447329473295,0.030722821019817576,1.9389966595530757,0.06228754249422874,week_start_date::2,2,grocery,urban,4708,-6.452818693691506e-4,0.11978817652831575
0.0639232194414075,0.03163870740906185,2.0204118523217174,0.052661794534334894,week_start_date::3,3,grocery,urban,4708,0.001911352919646274,0.1259350859631687
0.04124986335627697,0.030670959830525375,1.3449159590767976,0.18907688428255195,week_start_date::4,4,grocery,urban,4708,-0.01886521791155276,0.1013649446241067
0.06384250412805638,0.026352929905755815,2.422596058820479,0.021886124534537022,week_start_date::5,5,grocery,urban,4708,0.012190761512774984,0.11549424674333778
0.06477081104528555,0.030087213377086298,2.1527686939134565,0.0397903671962091,week_start_date::6,6,grocery,urban,4708,0.0057998728261964075,0.1237417492643747
0.056919716613240634,0.033370263340424276,1.7057017510643637,0.09875390786697633,week_start_date::7,7,grocery,urban,4708,-0.008485999533990943,0.12232543276047221
0.05826876910432691,0.029182020592960135,1.9967352472632982,0.05531654125176383,week_start_date::8,8,grocery,urban,4708,0.0010720087421250482,0.11546552946652877
0.08628861157646678,0.044976429982857676,1.9185295855930502,0.0649361414340501,week_start_date::9,9,grocery,urban,4708,-0.001865191189934265,0.17444241434286784
0.05798894155160061,0.0314042285506067,1.8465329106286967,0.07504367800939889,week_start_date::10,10,grocery,urban,4708,-0.0035633464075885204,0.11954122951078974
0.06598193656116846,0.034099419665126904,1.9349870821598603,0.06279888419780931,week_start_date::11,11,grocery,urban,4708,-8.529259824802682e-4,0.1328167991048172
0.04359792983824328,0.039027315403461806,1.1171132164108846,0.2731159881917966,week_start_date::12,12,grocery,urban,4708,-0.03289560835254186,0.12009146802902843
0.036567415149719854,0.031457067533122746,1.1624546729035108,0.2545281667094801,week_start_date::13,13,grocery,urban,4708,-0.025088437215200723,0.09822326751464043
0.06800173046461278,0.033847192514237054,2.009080381955147,0.05391803801429914,week_start_date::14,14,grocery,urban,4708,0.0016612331367081568,0.1343422277925174
0.0582088339240069,0.0375857907244039,1.5486925458298997,0.1323008617018199,week_start_date::15,15,grocery,urban,4708,-0.015459315895824735,0.13187698374383855
0.0442755987813225,0.03395630106584249,1.3038993468537847,0.20252356847260522,week_start_date::16,16,grocery,urban,4708,-0.02227875130772878,0.11082994887037378
0.04407988349995226,0.0314566517870577,1.4012897430516802,0.1717389873433288,week_start_date::17,17,grocery,urban,4708,-0.01757515400268083,0.10573492100258536
0.04376252206256588,0.030905607830229054,1.4160058686747898,0.16742537240530536,week_start_date::18,18,grocery,urban,4708,-0.016812469284683065,0.10433751340981483
0.03405503971937593,0.03263700092199251,1.043448808325641,0.30536113747703186,week_start_date::19,19,grocery,urban,4708,-0.029913482087729384,0.09802356152648124
-0.013271856803308084,0.0412996961742353,-0.32135482903595053,0.7502462191810563,week_start_date::20,20,grocery,urban,4708,-0.09421926130480926,0.06767554769819309
0.019665954437746984,0.040829067505703066,0.4816655299560788,0.6336585771474121,week_start_date::21,21,grocery,urban,4708,-0.06035901787343103,0.09969092674892499
0.01254733024566315,0.03869493916842178,0.324262823907029,0.7480663816903126,week_start_date::22,22,grocery,urban,4708,-0.06329475052444354,0.08838941101576984
-0.03233603479550667,0.04368563767500034,-0.7401983012373738,0.4651305301554223,week_start_date::23,23,grocery,urban,4708,-0.11795988463850735,0.053287815047494004
-0.04071189170969662,0.04715511693923202,-0.8633610592496531,0.3950234795833515,week_start_date::24,24,grocery,urban,4708,-0.1331359209105914,0.05171213749119814
-0.04848070361501605,0.05561672452190476,-0.8716928951096684,0.3905356868117771,week_start_date::25,25,grocery,urban,4708,-0.15748948367794938,0.06052807644791727
-0.08988923255294978,0.08775741623353543,-1.024292150007485,0.31416608900446646,week_start_date::26,26,grocery,urban,4708,-0.26189376837067924,0.08211530326477967
-0.23802129284237192,0.0662719263387813,-3.5915855474852183,7.286228445528584e-4,week_start_date::-26,-26,grocery,rural,8320,-0.3679142684663833,-0.10812831721836055
-0.18186659107107087,0.053453220635502306,-3.4023504834483176,0.0012924586309380013,week_start_date::-25,-25,grocery,rural,8320,-0.2866349035166554,-0.07709827862548635
-0.2385469641120463,0.0566912003987963,-4.2078305351444145,1.0218699046888305e-4,week_start_date::-24,-24,grocery,rural,8320,-0.349661716893687,-0.12743221133040555
-0.11080191170204133,0.05382739583011648,-2.058466882769899,0.044571921049387,week_start_date::-23,-23,grocery,rural,8320,-0.21630360752906963,-0.005300215875013031
-0.13493210339810266,0.06444250415754332,-2.093837059283615,0.04116747228273638,week_start_date::-22,-22,grocery,rural,8320,-0.26123941154688757,-0.008624795249317752
-0.075705627575147455,0.06793397892548103,-1.1144000215001597,0.270231928677993,week_start_date::-21,-21,grocery,rural,8320,-0.20885622626909028,0.057444971118795374
-0.09206034920216531,0.045672227426337315,-2.0156746099288747,0.04901520062278835,week_start_date::-20,-20,grocery,rural,8320,-0.18157791495778647,-0.0025427834465441695
-0.03575837870457332,0.04352834674110178,-0.8214963668906899,0.4151142356025489,week_start_date::-19,-19,grocery,rural,8320,-0.12107393831713281,0.04955718090798617
-0.1601316261914117,0.04841326935406824,-3.3075978616584707,0.0017117910203577286,week_start_date::-18,-18,grocery,rural,8320,-0.2550216341253855,-0.06524161825743793
-0.04781204886487661,0.04222175008513313,-1.1324032937637964,0.2626596892206012,week_start_date::-17,-17,grocery,rural,8320,-0.13056667903173755,0.03494258130198433
-0.06406939743535923,0.04190531237126902,-1.5289087184871166,0.13234790172836497,week_start_date::-16,-16,grocery,rural,8320,-0.14620380968304653,0.018065014812328042
-0.07354150982490339,0.042176855911169917,-1.7436460882667881,0.08713064342971234,week_start_date::-15,-15,grocery,rural,8320,-0.15620814741079642,0.009125127760989643
-0.07045692632709717,0.040541016802480394,-1.737917099375427,0.08814470856882649,week_start_date::-14,-14,grocery,rural,8320,-0.14991731925995874,0.009003466605764399
-0.07639693096355463,0.04022259418497167,-1.8993536471622892,0.06307137783584997,week_start_date::-13,-13,grocery,rural,8320,-0.1552332155660991,0.0024393536389898524
-0.061008576331219824,0.03504644759686457,-1.7407920207204668,0.08763461289183076,week_start_date::-12,-12,grocery,rural,8320,-0.1296996136210744,0.007682460958634743
-0.07570981375508556,0.04900227844867103,-1.5450263977906697,0.12840456448400578,week_start_date::-11,-11,grocery,rural,8320,-0.17175427951448077,0.020334652004309645
-0.017668381414298606,0.04283768532273405,-0.4124494888364559,0.68170554976655,week_start_date::-10,-10,grocery,rural,8320,-0.10163024464685734,0.06629348181826013
0.05516054588846627,0.092257897406237,0.5978951118469474,0.5525051001637235,week_start_date::-9,-9,grocery,rural,8320,-0.12566493302775822,0.23598602480469077
-0.024264837248080387,0.03591578390624468,-0.6756037209551607,0.5022858198319327,week_start_date::-8,-8,grocery,rural,8320,-0.09465977370431997,0.04613009920815919
-0.09878477213319095,0.04559953744088211,-2.1663546973751933,0.03488966484124661,week_start_date::-7,-7,grocery,rural,8320,-0.1881598655173199,-0.009409678749062012
0.046708978605419185,0.03422186882370253,1.364886846070426,0.178165494049839,week_start_date::-6,-6,grocery,rural,8320,-0.02036588428903778,0.11378384149987615
0.036583311752660726,0.03593825315820061,1.0179490803746236,0.31341509135466017,week_start_date::-5,-5,grocery,rural,8320,-0.03385566443741247,0.10702228794273391
0.10379152416154762,0.03700356230654067,2.804906276366847,0.007062491983652046,week_start_date::-4,-4,grocery,rural,8320,0.0312645420407279,0.17631850628236734
0.12768253384272496,0.08968988059607416,1.4236002210522931,0.16053506850074756,week_start_date::-3,-3,grocery,rural,8320,-0.04810963212558039,0.3034746998110303
0.10736724875546008,0.023462476248773467,4.576126049827024,2.9753483255570226e-5,week_start_date::-2,-2,grocery,rural,8320,0.06138079530786409,0.15335370220305608
0.0772630306070526,0.02642261259466576,2.9241253237255798,0.005106322610793365,week_start_date::0,0,grocery,rural,8320,0.02547470992150771,0.12905135129259748
0.03478986240633505,0.03603113663509399,0.9655499563799508,0.3387386231186117,week_start_date::1,1,grocery,rural,8320,-0.03583116539844917,0.10541089021111927
0.027726712589038433,0.03216118356051868,0.8621172954305064,0.39258143574132454,week_start_date::2,2,grocery,rural,8320,-0.03530920718957818,0.09076263236765504
0.0027236107647862946,0.02603382917513536,0.10461813920894845,0.9170813121593175,week_start_date::3,3,grocery,rural,8320,-0.04830269441847901,0.05374991594805159
0.01352167399590962,0.03089239068021166,0.43770241467815646,0.6634147377389967,week_start_date::4,4,grocery,rural,8320,-0.047027411737305236,0.07407075972912447
0.00825635038631523,0.027281538947118912,0.302635067703435,0.7633753045514767,week_start_date::5,5,grocery,rural,8320,-0.045215465950037836,0.0617281667226683
0.03814902557274422,0.03197953627512634,1.192919911175088,0.23831553208377315,week_start_date::6,6,grocery,rural,8320,-0.024530865526503402,0.10082891667199184
0.08504089157259205,0.03576287258914234,2.3779099780259427,0.02112172276716247,week_start_date::7,7,grocery,rural,8320,0.014945661297873059,0.15513612184731104
0.10876362499250683,0.026727050545711204,4.069421158406113,1.6074520685845195e-4,week_start_date::8,8,grocery,rural,8320,0.05637860592291287,0.16114864406210078
0.08327622734907303,0.022955978378093933,3.627648797079394,6.520982786878392e-4,week_start_date::9,9,grocery,rural,8320,0.03828250972800892,0.12826994497013713
0.07832928430704282,0.02699717147345217,2.901388554133102,0.005435342505303952,week_start_date::10,10,grocery,rural,8320,0.02541482821907657,0.13124374039500908
0.09057824114749538,0.02836152800632681,3.1937010279308446,0.0023863169630181473,week_start_date::11,11,grocery,rural,8320,0.03498964625509483,0.14616683603989594
0.0564383173196145,0.03325034862017787,1.6973752054246156,0.09560391039302009,week_start_date::12,12,grocery,rural,8320,-0.008732365975934131,0.12160900061516314
0.0739839029684982,0.085013260673729385,0.8702630905128963,0.388156403018159,week_start_date::13,13,grocery,rural,8320,-0.09264208795201138,0.24060989388900778
0.138223834393862,0.027984460905196205,4.939306669588062,8.513421211995609e-6,week_start_date::14,14,grocery,rural,8320,0.08337429101967743,0.19307337776804656
0.056401637295172224,0.0336181590503297,1.677713440844081,0.09940453982002774,week_start_date::15,15,grocery,rural,8320,-0.009489954443473989,0.12229322903381844
0.07297051611066042,0.034234417099815596,2.1314957955295077,0.03779406099089838,week_start_date::16,16,grocery,rural,8320,0.0058710585950218636,0.14006997362629897
0.05011344688995332,0.03883775428185587,1.2903281308766403,0.20264509720096374,week_start_date::17,17,grocery,rural,8320,-0.026008551502484177,0.1262354452823908
0.08479363448860341,0.0372282015666001,2.2776720582892036,0.026886459765036775,week_start_date::18,18,grocery,rural,8320,0.011826359418067214,0.15776090955913963
-0.05763189670380718,0.0426586499736531,-1.3510014203309735,0.18254435940645947,week_start_date::19,19,grocery,rural,8320,-0.14124285065216724,0.02597905724455289
-0.0438168643887321,0.05271668678922023,-0.8311763704712184,0.4096744168635311,week_start_date::20,20,grocery,rural,8320,-0.14714157049560375,0.059507841718139554
0.005533207150862847,0.04501591345099202,0.12291669160255396,0.9026469151658332,week_start_date::21,21,grocery,rural,8320,-0.08269798321308151,0.09376439751480721
-0.04673075239836163,0.04578655941154083,-1.0206216190724042,0.3121587688715164,week_start_date::22,22,grocery,rural,8320,-0.13647240884498166,0.04301090404825839
-0.058560902962744917,0.04126002637308031,-1.4193132702637434,0.16177465953892675,week_start_date::23,23,grocery,rural,8320,-0.13943055465398232,0.022308748728492485
-0.10161964450475296,0.05143911126882585,-1.9755326637289417,0.05352593860122882,week_start_date::24,24,grocery,rural,8320,-0.20244030259165163,-7.989864178542805e-4
-0.15518583734933977,0.049173830719736245,-3.155862276295162,0.002661089877924435,week_start_date::25,25,grocery,rural,8320,-0.2515665455600228,-0.058805129138656737
-0.24737011781367915,0.0633674225745109,-3.9037427713397643,2.741062320841708e-4,week_start_date::26,26,grocery,rural,8320,-0.37157026605972054,-0.12316996956763779
-0.07720565834086542,0.12057050015730049,-0.6403362202208684,0.5269815620985343,week_start_date::-26,-26,fast_food,urban,4708,-0.3135238386491744,0.15911252196744352
-0.03142976065137206,0.08430174628059052,-0.3728245503570119,0.7119901942809338,week_start_date::-25,-25,fast_food,urban,4708,-0.19666118336132948,0.13380166205858535
-0.08305031954253494,0.08749785841675138,-0.9491697402120077,0.3503777561388569,week_start_date::-24,-24,fast_food,urban,4708,-0.25454612203936766,0.08844548295429777
-0.0673938436830819,0.08545788122851727,-0.7886205779297112,0.4367335629719781,week_start_date::-23,-23,fast_food,urban,4708,-0.23489129089097577,0.10010360352481196
-0.04855889556499071,0.0790529062354283,-0.614258195902083,0.5438340657062135,week_start_date::-22,-22,fast_food,urban,4708,-0.20350259178643015,0.10638480065644873
-0.05856467359443693,0.07548225002432876,-0.7758734480697235,0.44410550407878724,week_start_date::-21,-21,fast_food,urban,4708,-0.2065098836421213,0.08938053645324745
-0.07441042339298633,0.07325560771477985,-1.0157641949091836,0.3181417905026585,week_start_date::-20,-20,fast_food,urban,4708,-0.21799141451395482,0.06917056772798218
-0.07991966915568506,0.06640682279382956,-1.2034858135557585,0.23852096195495043,week_start_date::-19,-19,fast_food,urban,4708,-0.21007704183159098,0.050237703520220875
-0.09086197644972142,0.07390820818507089,-1.2293895181736405,0.22880757648790337,week_start_date::-18,-18,fast_food,urban,4708,-0.23572206449246036,0.053998111593017525
-0.05856851161107197,0.07196485424486504,-0.8138488186440126,0.42236402704787046,week_start_date::-17,-17,fast_food,urban,4708,-0.19961962593100743,0.08248260270886351
-0.08028692817780932,0.071627435206551765,-1.1208963150263054,0.27152866172869927,week_start_date::-16,-16,fast_food,urban,4708,-0.22067670118265076,0.06010284482703214
-0.03361087207087883,0.06307691888663898,-0.5328553243268564,0.598193680264651,week_start_date::-15,-15,fast_food,urban,4708,-0.1572416330886912,0.09001988894693357
-0.04552884674781449,0.05884175020635696,-0.7737507227121159,0.4453403464135871,week_start_date::-14,-14,fast_food,urban,4708,-0.16085867715227414,0.06980098365664515
-0.06213241521258158,0.05853132233548437,-1.0615242016309967,0.29721248250320326,week_start_date::-13,-13,fast_food,urban,4708,-0.17685380699013095,0.05258897656496778
-0.0757140087450895,0.061291164128228486,-1.2353168653590376,0.22662716563358323,week_start_date::-12,-12,fast_food,urban,4708,-0.19584469043641733,0.04441667294623833
-0.06991623159207884,0.05850954112169228,-1.1949543655907695,0.24178624627026005,week_start_date::-11,-11,fast_food,urban,4708,-0.1845949321905957,0.04476246900643803
-0.05711627078725663,0.054460077571246705,-1.048773217638829,0.3029447630198283,week_start_date::-10,-10,fast_food,urban,4708,-0.16385802282690015,0.0496254812523869
-0.03552566514828266,0.04863285161283808,-0.7304869850343017,0.47095325335988114,week_start_date::-9,-9,fast_food,urban,4708,-0.1308460543094453,0.05979472401287997
-0.06366948090067039,0.05446656539417862,-1.1689644911495625,0.25193726992467996,week_start_date::-8,-8,fast_food,urban,4708,-0.17042394907326047,0.043084987271919714
-0.05027837215456584,0.036791472868216636,-1.3665767699667237,0.18226062954310696,week_start_date::-7,-7,fast_food,urban,4708,-0.12238965897627044,0.021832914667138763
-0.005719157517148842,0.026251451048222765,-0.21786062441436096,0.8290634239322675,week_start_date::-6,-6,fast_food,urban,4708,-0.05717200157166546,0.04573368653736778
-0.013278982742530913,0.03624092621950977,-0.36640848145272753,0.7167200564275695,week_start_date::-5,-5,fast_food,urban,4708,-0.08431119813277008,0.05775323264770824
-0.026199357938700065,0.04027619627418342,-0.6504923593167996,0.5204949747423302,week_start_date::-4,-4,fast_food,urban,4708,-0.10514070263609956,0.05274198675869943
-0.011078090939039597,0.023014822818418035,-0.48134591460657045,0.633882939743454,week_start_date::-3,-3,fast_food,urban,4708,-0.05618714366313894,0.03403096178505975
-0.007242444717840127,0.021981528099845892,-0.3294786734090112,0.7441618893595717,week_start_date::-2,-2,fast_food,urban,4708,-0.05032623979353808,0.03584135035785782
5.2030378240350934e-5,0.018096279450062078,0.002875197544552311,0.9977256151472904,week_start_date::0,0,fast_food,urban,4708,-0.03541667734388132,0.03552073810036202
0.0027447032354309957,0.03173530815797338,0.08648736674521305,0.9316734022410527,week_start_date::1,1,fast_food,urban,4708,-0.05945650075419683,0.06494590722505883
-0.008801569385873441,0.03139777290194916,-0.2803246400105991,0.7812185063591573,week_start_date::2,2,fast_food,urban,4708,-0.0703412042736938,0.05273806550194691
-0.044210512534500326,0.039836292671843535,-1.1098048932085618,0.27620132872196007,week_start_date::3,3,fast_food,urban,4708,-0.12228964617131365,0.03386862110231299
0.003000057047249413,0.031126943540207144,0.09638135666530169,0.9238806871217691,week_start_date::4,4,fast_food,urban,4708,-0.05800875229155659,0.06400886638605541
-0.050497468672800624,0.04942256992959595,-1.0217491470948579,0.3153480140253059,week_start_date::5,5,fast_food,urban,4708,-0.14736570573480867,0.04637076838920744
-0.03783181632686574,0.03998396977252746,-0.9461745930205149,0.3518772164318821,week_start_date::6,6,fast_food,urban,4708,-0.11620039708101956,0.040536764427288076
0.011201972601268463,0.03910714364332162,0.28644312925118065,0.7765752171002247,week_start_date::7,7,fast_food,urban,4708,-0.06544802893964191,0.08785197414217885
0.016963385906616293,0.03266249897223332,0.5193535840915607,0.6074556486213936,week_start_date::8,8,fast_food,urban,4708,-0.047055112078961014,0.0809818838921936
-0.011224218309247583,0.042565328691110994,-0.26369391836956635,0.7938805517536967,week_start_date::9,9,fast_food,urban,4708,-0.09465226254382512,0.07220382592532996
-0.0017493099167955307,0.043038411901587546,-0.04064531750835826,0.9678571990436882,week_start_date::10,10,fast_food,urban,4708,-0.08610459724390712,0.08260597741031606
0.0017827609329041812,0.04540986394733136,0.03925933217883931,0.9689526600720136,week_start_date::11,11,fast_food,urban,4708,-0.08722057240386528,0.09078609426967364
-0.006823479794465275,0.05136631712283293,-0.13283957613990896,0.8952377341246811,week_start_date::12,12,fast_food,urban,4708,-0.10750146135521782,0.09385450176628726
-0.031058964892516944,0.050868563680409075,-0.6105728694769228,0.5462382227358966,week_start_date::13,13,fast_food,urban,4708,-0.13076134970611875,0.06864341992108484
-0.007057187605048455,0.05805690188059326,-0.12155639340802422,0.9040887421745579,week_start_date::14,14,fast_food,urban,4708,-0.12084871529101124,0.10673434008091434
-0.015108637497051762,0.0419006825132951,-0.36058213353106566,0.7210251182999623,week_start_date::15,15,fast_food,urban,4708,-0.09723397522311017,0.06701670022900663
-0.03865325104268735,0.042559428658133766,-0.9082182788020139,0.3712489594970957,week_start_date::16,16,fast_food,urban,4708,-0.12206973121262954,0.04476322912725483
-0.03375660712396134,0.048603023638454736,-0.6945371830170067,0.49287262677460575,week_start_date::17,17,fast_food,urban,4708,-0.12901853345533262,0.06150531920740993
-0.04126436723437345,0.041901848523072306,-0.9847863206238301,0.3328744534694884,week_start_date::18,18,fast_food,urban,4708,-0.12339199033959516,0.04086325587084827
-0.0072663751355761235,0.04690273911772248,-0.15492432365918007,0.8779542351607879,week_start_date::19,19,fast_food,urban,4708,-0.09919574380631219,0.08466299353515994
-0.044967405962086295,0.06227303717453296,-0.7221007357655596,0.4760153832183236,week_start_date::20,20,fast_food,urban,4708,-0.16702255882417089,0.07708774689999831
-0.048937292601459084,0.05532806179253953,-0.8844931670470665,0.3837048512462764,week_start_date::21,21,fast_food,urban,4708,-0.15738029371483658,0.0595057085119184
-0.033952235115448065,0.04654325682952298,-0.7294769946977954,0.47156124616618667,week_start_date::22,22,fast_food,urban,4708,-0.12517701850131313,0.05727254827041699
-0.03228428744975053,0.05142882666583606,-0.6277469182705823,0.5350820621318788,week_start_date::23,23,fast_food,urban,4708,-0.1330847877147892,0.06851621281528814
-0.047993096295290257,0.052631651213006565,-0.9118675775733593,0.3693567233830839,week_start_date::24,24,fast_food,urban,4708,-0.15115113267278313,0.05516494008220261
-0.05153817825624768,0.06937355648975252,-0.7429081175023889,0.4635133211371274,week_start_date::25,25,fast_food,urban,4708,-0.18751034897616262,0.08443399246366726
-0.09993877775321254,0.10468119650365783,-0.9546965557440913,0.3476220787261285,week_start_date::26,26,fast_food,urban,4708,-0.30511392290038186,0.1052363673939568
-0.2676343269468171,0.047919661279732365,-5.585062995009381,8.633203065809458e-7,week_start_date::-26,-26,fast_food,rural,8320,-0.36155686305509255,-0.17371179083854166
-0.2110370295129715,0.03959240661186446,-5.330240002377908,2.1473588230911414e-6,week_start_date::-25,-25,fast_food,rural,8320,-0.28863814647222585,-0.13343591255371717
-0.2634433513182435,0.04386619508646214,-6.0056120846356835,1.8865328704945158e-7,week_start_date::-24,-24,fast_food,rural,8320,-0.34942109368770924,-0.1774656089487777
-0.1379618472550742,0.04052179362152265,-3.4046332831081165,0.0012836737590992782,week_start_date::-23,-23,fast_food,rural,8320,-0.21738456275325863,-0.05853913175688981
-0.1832648502774707,0.042593934404945584,-4.302604416280262,7.46704196045355e-5,week_start_date::-22,-22,fast_food,rural,8320,-0.266748961711164,-0.09978073884377735
-0.16687876373434873,0.044866879970195,-3.719419844776504,4.905027119320302e-4,week_start_date::-21,-21,fast_food,rural,8320,-0.2548178484759309,-0.07893967899276653
-0.15860145829198877,0.04334082203672027,-3.6594012489568053,5.91140626820132e-4,week_start_date::-20,-20,fast_food,rural,8320,-0.2435494694839605,-0.07365344710001705
-0.08909651268012857,0.039869203988685056,-2.234720128985126,0.029758023921980976,week_start_date::-19,-19,fast_food,rural,8320,-0.16724015249795127,-0.010952872862305854
-0.15923615980065622,0.0366782199823373,-4.341436413144851,6.561159457647695e-5,week_start_date::-18,-18,fast_food,rural,8320,-0.23112547096603733,-0.087346848635275115
-0.11756109106650418,0.03324563756608755,-3.5361358564055094,8.632481436019808e-4,week_start_date::-17,-17,fast_food,rural,8320,-0.18272254069603577,-0.05239964143697258
-0.07538722269684596,0.03426466879637692,-2.2001445029235844,0.032263395804493736,week_start_date::-16,-16,fast_food,rural,8320,-0.14254597353774473,-0.00822847185594719
-0.019377453006646735,0.029738750367017036,-0.6515893495019913,0.5175356920113652,week_start_date::-15,-15,fast_food,rural,8320,-0.07766540372600012,0.03891049771270665
-0.007912687934287295,0.029289213074326054,-0.2701570682082713,0.7881087456962064,week_start_date::-14,-14,fast_food,rural,8320,-0.06531954555996636,0.04949416969139177
-0.06815534626219655,0.02748482800239261,-2.4797443249877165,0.016424922277448017,week_start_date::-13,-13,fast_food,rural,8320,-0.12202560914688607,-0.014285083377507037
-0.10423811524615902,0.0290350671434932,-3.590076603956431,7.320049076714779e-4,week_start_date::-12,-12,fast_food,rural,8320,-0.16114684684740568,-0.04732938364491234
-0.04593008573647787,0.02851705572003401,-1.6106180872035372,0.1133173344674713,week_start_date::-11,-11,fast_food,rural,8320,-0.10182351494774453,0.009963343474788791
0.05144200111031931,0.030140047858705183,1.706765740767117,0.09383140849916248,week_start_date::-10,-10,fast_food,rural,8320,-0.007632492692742847,0.11051649491338147
0.017663957678805024,0.031282834098746055,0.5646533694181202,0.5747373928494828,week_start_date::-9,-9,fast_food,rural,8320,-0.043650397154737244,0.07897831251234728
0.05548549942721977,0.028323625253322177,1.9589829667271028,0.05548698571336487,week_start_date::-8,-8,fast_food,rural,8320,-2.8806069291696657e-5,0.11099980492373124
0.03088389206848129,0.027616974448676456,1.118293827800583,0.2685812586139054,week_start_date::-7,-7,fast_food,rural,8320,-0.02324537785092456,0.08501316198788714
0.012321441700985534,0.027727644460048242,0.4443739070132356,0.6586162510016087,week_start_date::-6,-6,fast_food,rural,8320,-0.042024741440709015,0.06666762484268009
0.12447968783728698,0.03102777443125666,4.011879360315609,1.9369218280068288e-4,week_start_date::-5,-5,fast_food,rural,8320,0.06366524995202394,0.18529412572255002
0.07527196234802265,0.02926143659096418,2.5723946298407765,0.012994930760342987,week_start_date::-4,-4,fast_food,rural,8320,0.017919546629732858,0.13262437806631244
0.12364109267832525,0.027792403636278756,4.448736938928543,4.57913071959299e-5,week_start_date::-3,-3,fast_food,rural,8320,0.0691679815512189,0.1781142038054316
0.08461054445539301,0.033420540682199566,2.5316928669696313,0.01441241990520848,week_start_date::-2,-2,fast_food,rural,8320,0.019106284718281866,0.15011480419250417
0.10471871119592857,0.026565918664322334,3.941844154501774,2.4265558042601092e-4,week_start_date::0,0,fast_food,rural,8320,0.052649510613856795,0.15678791177800033
0.10920606923452629,0.03097486709466522,3.5256347961323384,8.912844053245238e-4,week_start_date::1,1,fast_food,rural,8320,0.04849532972898246,0.16991680874007012
0.13187420279745724,0.030519952484867885,4.320917696803161,7.025608884833257e-5,week_start_date::2,2,fast_food,rural,8320,0.07205509592711618,0.1916933096677983
0.1441839766158753,0.025629232278224865,5.625762607738236,7.457881902835943e-7,week_start_date::3,3,fast_food,rural,8320,0.09395068135055455,0.194417271881196
0.1569094118904148,0.027471798299213066,5.711654191014845,5.472738336007544e-7,week_start_date::4,4,fast_food,rural,8320,0.10306468722395719,0.21075413655687242
0.16167339085241658,0.03435597195849653,4.70583079552297,1.909891090141413e-5,week_start_date::5,5,fast_food,rural,8320,0.09433568581376338,0.22901109589106977
0.14291481711017825,0.028293628059504156,5.051130834462621,5.7576872553530204e-6,week_start_date::6,6,fast_food,rural,8320,0.0874593061135501,0.1983703281068064
0.12469664745664362,0.02876177279480127,4.3354993569514155,6.692383137459411e-5,week_start_date::7,7,fast_food,rural,8320,0.06832357277883314,0.1810697221344541
0.13486608991370744,0.026452158360198375,5.098490946456591,4.875175000024056e-6,week_start_date::8,8,fast_food,rural,8320,0.08301985952771862,0.18671232029969625
0.18177210896611642,0.02520421372656604,7.211973003328521,2.2724019821112704e-9,week_start_date::9,9,fast_food,rural,8320,0.132371850062047,0.23117236787018586
0.09553166231915464,0.029230450868239926,3.2682240431314615,0.001921453180755621,week_start_date::10,10,fast_food,rural,8320,0.038239978617404385,0.1528233460209049
0.21694979478247184,0.03198245219482217,6.7834008931183565,1.096254958030432e-8,week_start_date::11,11,fast_food,rural,8320,0.1542641884806204,0.2796354010843233
0.15747356574695007,0.033081017999473786,4.760239414320774,1.5838528610984185e-5,week_start_date::12,12,fast_food,rural,8320,0.09263477046798145,0.22231236102591867
0.05959642436193216,0.03349500625447484,1.779262971595064,0.08104148694767944,week_start_date::13,13,fast_food,rural,8320,-0.006053787896838525,0.12524663662070284
0.16657778092894043,0.03942870647863425,4.224784321017635,9.662996729124901e-5,week_start_date::14,14,fast_food,rural,8320,0.0892975162308173,0.24385804562706356
0.11969909461575687,0.03627745411118194,3.299545063137756,0.0017528273722713901,week_start_date::15,15,fast_food,rural,8320,0.04859528455784026,0.19080290467367347
0.09833334451349286,0.03695234547757507,2.6610853314620453,0.010335725547585314,week_start_date::16,16,fast_food,rural,8320,0.025906747377445735,0.17075994164954
0.08011984199065604,0.034039312001045846,2.3537444584130958,0.022399794377585852,week_start_date::17,17,fast_food,rural,8320,0.01340279046860618,0.1468368935127059
0.09735576157659452,0.035780790996087254,2.72089461597539,0.008834435109115024,week_start_date::18,18,fast_food,rural,8320,0.0272254112242635,0.16748611192892554
0.018876873007451507,0.03483427485754077,0.5419051518841973,0.5901985085289077,week_start_date::19,19,fast_food,rural,8320,-0.04939830571332841,0.08715205172823143
-0.014853607162730731,0.03759851481596733,-0.39505834832663933,0.6944157573777794,week_start_date::20,20,fast_food,rural,8320,-0.0885466962020267,0.05883948187656523
0.03998017192298962,0.0295872105372529,1.35126533380533,0.18246037370586526,week_start_date::21,21,fast_food,rural,8320,-0.018010760730026068,0.0979711045760053
0.11418526995546374,0.026627768851521894,4.288202687659186,7.833029718527154e-5,week_start_date::22,22,fast_food,rural,8320,0.06199484300648083,0.16637569690444665
0.064716977231689,0.029343922983079498,2.205464391008883,0.03186619285479921,week_start_date::23,23,fast_food,rural,8320,0.007202888184853179,0.12223106627852481
0.0660397743369445,0.03058947199603695,2.158905336630209,0.03549331860080047,week_start_date::24,24,fast_food,rural,8320,0.006084409224712074,0.12599513944917692
-0.039918610571201066,0.03656760362342519,-1.091638680573239,0.2800241477820573,week_start_date::25,25,fast_food,rural,8320,-0.11159111367311444,0.03175389253071231
-0.1920036675368372,0.048962330537831465,-3.9214568715940255,2.5902386753944695e-4,week_start_date::26,26,fast_food,rural,8320,-0.28796983539098686,-0.09603749968268753
