cid,pct_male_final,pct_age_65plus,median_age_final,pct_black_final,pct_asian_final,pct_hispanic_final,pct_bachelors_plus,pct_foreign_born,pct_non_english_home,pct_married_hh,pct_single_parent,lfpr,emp_rate,income_avg,pov_le_130fpl_share,homeownership_rate,vacancy_rate,median_home_value,median_rent_final,pct_rent_burdened_final,tau_i_deviation,tau_i_total,pct_change
26001,-0.429033109376296,-26.7499260933308,-0.457743656356318,1.50332111982023,-0.26771375435181,-0.221392070072893,16.3511190766784,2.49023023654975,-70.1215908726398,-0.474606353527665,-0.462458623624006,-2.02176177626424,0.634373197171067,-0.167766388434799,-0.207901459150058,-1.38407653260477,1.65403405782418,0.158619606292418,-0.0156776618593068,-0.401595277820681,0.000106482009537153,-0.395263620192316,-32.6497533005794
26003,-0.430372749805244,-26.7883136342533,-0.457571906459932,29.6111262063154,-0.282910639470212,-0.219225544854982,13.7519213031098,3.00699716104809,-70.201072919647,-0.500622622321871,-0.468404885685124,-1.95929397109477,1.2195003379486,0.35064251729458,-1.02470584425559,-1.33639898587651,1.43853655295295,0.737752289512526,-0.267137945602668,-0.406897838838877,0.00468096072343273,-0.390689141478421,-32.3409552741664
26005,0.000510241041549714,-27.0790379206116,-0.304386439219111,69.031915038861,2.83903862207014,-0.207742306660715,15.221964451106,2.89737102522374,-70.3462932920571,-0.267792867620834,-0.329395583978441,0.974875750698606,2.49858236525913,2.59063294274406,-1.59164312420587,1.40311123808493,-0.751408106454822,2.0986214076799,1.8976525969702,-0.153639221667384,-0.0167687534279541,-0.412138855629808,-33.7767685017562
26007,-0.356743543756206,-26.9656934476793,-0.434136337634981,7.96388174729824,-0.20722565989039,-0.219929829185638,15.8522034192365,1.61953854482845,-70.7779448294983,-0.427838408784395,-0.436823408462048,0.0194250823073049,0.890953939724959,-0.124129614238672,-0.0853645220981767,0.59718305070005,-0.431678478368718,-0.212348081208016,-0.80354004878892,-0.333596065617606,0.00254939324028904,-0.392820708961564,-32.4850214958597
26009,-0.377354917775655,-26.942751723487,-0.441097069284704,3.68979496645714,-0.0399102005818828,-0.219499142299419,15.7385871857011,3.0457583756998,-70.5067936920345,-0.454939842212192,-0.444667298276345,-0.114772324230891,1.80646088559321,1.62990582584483,-1.30837261298608,-0.59670933166026,0.977965467719303,1.7476087721526,1.08816671823464,-0.373780420380045,-0.00742076108632696,-0.40279086328818,-33.1548117465127
26011,-0.409332025900779,-26.8964540312778,-0.449794171418526,3.13123081121229,-0.287701775665175,-0.220839638869293,16.1274621270234,1.04444240241094,-70.6798659427196,-0.473138262322478,-0.456605320045587,-0.575476100272717,0.388066449767356,0.0877316095475887,-0.103077189349654,0.0371449998478078,0.364370545505198,-0.401757508952946,-0.617996538454013,-0.380753005064112,-0.00717467134698428,-0.402544773548838,-33.1383598073154
26013,-0.433059482663813,-26.8069153960813,-0.457337251496059,35.2742088068362,-0.278418949287432,-0.217373634880196,13.2772296369153,2.58640995320936,-70.8467324096256,-0.506756936653972,-0.468897778527156,-1.75840876688453,1.47833081157478,0.154347090444628,-0.264676100499873,-0.72510727071203,0.768097464144877,-0.244952237164109,-1.27576920855107,-0.380734134740205,4.75862775833934e-05,-0.39532251592427,-32.6537198258492
26015,-0.223863193728768,-27.0424943675817,-0.388024826330355,14.9599389837868,0.44781249176484,-0.216275317866403,15.4574706864926,2.32903352836201,-70.9683076072319,-0.367220026563379,-0.396407299103099,0.86092691545785,1.50941877384424,2.55804766544448,-2.06670724973089,1.58600921111605,-0.892657461236139,1.98925027582719,2.0319275057652,-0.257614706401377,-0.0179855150731637,-0.413355617275017,-33.8572973876999
26017,-0.0584422496790499,-27.02784792737,-0.342153116767851,71.0157240150108,0.449983475353184,-0.210970058329776,15.7263833859281,1.06230428432645,-70.8282425809193,-0.208183538471814,-0.33372135869705,0.471259032694323,1.22784402362538,0.690567996718846,-0.475874205621435,1.32070305744087,-1.16320863230865,-0.172656065261468,0.173004742447431,-0.00763952558990599,-0.00172749344035411,-0.397097595642208,-32.7731588036496
26019,-0.399685411027632,-26.92250181251,-0.447130808985348,2.84453416515741,-0.153250516193999,-0.220177245056445,15.7026249498414,3.54570342795863,-70.7862159084872,-0.474040939222401,-0.456020659771892,0.0903166649721444,1.65330511976821,2.09510203673119,-1.53319542823494,-0.524689721405934,1.01254324080441,2.59640726700956,1.39926598744279,-0.393245159491318,-0.00805304738406858,-0.403423149585922,-33.1970636840471
26021,0.136363366107294,-27.0515605188552,-0.270701538064706,979.93636219391,3.40461727758502,-0.194336031883299,15.6257155711281,7.45750465411264,-70.1211841851101,-0.0990103740872554,-0.269901126440255,0.808435658190795,1.01897925837321,0.977420895365339,-0.0514679515231639,0.219026155929758,-0.561395920732397,1.49778896848902,1.00167275101085,0.236183929627503,0.0118104681770549,-0.383559634024799,-31.8568559662337
26023,-0.288384335261096,-27.043613897061,-0.40733630080648,41.8945945760803,0.61303182898805,-0.217570433041984,14.797283719505,4.39762398689474,-70.1083012219857,-0.382367088093411,-0.422794073221244,0.22877964566098,1.76948537783789,1.0328141153488,-0.23472170396611,0.412499253371827,-0.42510451975896,0.0863234343897764,0.966447385326967,-0.254019909696871,-0.0048336219970258,-0.400203724198879,-32.9816500469346
26025,0.0579416637783187,-27.0609603273773,-0.288592882986924,618.538763022998,1.53053441032365,-0.200587755306664,15.6234648998094,3.35279031313162,-70.7298159863231,-0.128939692521154,-0.303132987812285,0.583542867065115,0.855141012188284,0.724571928929073,-0.132098529906781,0.584282578897543,-0.963825462854282,0.110422158357324,1.12164825393417,0.0676813722895376,0.00264864315980827,-0.392721459042045,-32.4783203071361
26027,-0.262990783116489,-27.0174732620847,-0.403675797742901,111.728295436677,0.798538633536812,-0.214672132841105,15.9831245283662,10.5525520699773,-70.6824821408074,-0.365833474900416,-0.407294332940403,0.634931871247329,1.19590107208979,1.52256531617013,-1.11803630073709,0.830617320691042,-0.463544823558426,1.25494798081604,0.754397659229931,-0.262436074159913,-0.00136735639758565,-0.396737458599439,-32.7489435677265
26029,-0.366646966037213,-26.9695384879291,-0.436899585690474,5.38690729655211,-0.175933551617032,-0.21899034705187,15.5554333941509,2.96411677748713,-70.7130700472371,-0.455421480165382,-0.441317811964312,0.571516800606109,1.91487446344127,1.85414087301844,-1.62925567622333,-0.168093281841958,0.401624146302758,2.12250204364774,0.926339295686901,-0.351796493027032,-0.00865141725602822,-0.404021519457882,-33.2370245916031
26031,-0.36787826584097,-26.9345692308451,-0.440651205791203,8.42852803573202,-0.241063059267323,-0.214672569200666,15.9696292521414,2.11255481299662,-70.3519019754621,-0.436786595281311,-0.440983326100313,-0.431160790310677,0.299655068942047,0.650661759509984,-0.25305460110112,-0.492434793212521,0.757526675592873,0.791729069439837,0.383659404556987,-0.351343605253236,-0.00379952450823118,-0.399169626710085,-32.9123106938986
26033,-0.307657215313241,-26.9803571501097,-0.425536071180809,96.1115666360559,-0.0348944798777798,-0.199823253356658,14.378714311763,2.92937595825294,-70.5107086063687,-0.389097621650773,-0.433026304037356,-0.123516450589564,0.0500227101087531,0.594813168814457,0.13056566851511,-0.815924866544943,0.39512042342803,0.29034475811503,0.241014111837106,-0.236064796498252,-0.00159307467877681,-0.39696317688063,-32.7641216475432
26035,-0.347532870922518,-26.9774755587137,-0.430360699235757,9.02663655594993,-0.148384518495989,-0.217753704057396,16.2834080009255,2.10187957853534,-71.0503648368069,-0.411154925132275,-0.436752995765967,-1.02384871060157,-0.630970244184536,-0.492244292165312,1.47670726563289,-1.0270378179337,1.18419003520219,-0.584188120707275,-0.115075970967293,-0.365873754662524,0.00498743920192521,-0.390382662999928,-32.3202160551827
26037,-0.158600578129326,-27.0513470412963,-0.365110988322724,60.439254066584,0.481874475650912,-0.212977748667662,15.3847082826653,2.0868676838294,-70.8154413462514,-0.363720496449266,-0.377387562312407,1.13056239766653,2.27302160771834,3.42196909894995,-1.97789039553094,1.82135793365199,-1.28774959808058,2.32761380737153,1.9851928621846,-0.194955795864313,-0.0367198041019721,-0.432089906303825,-35.0848988706572
26039,-0.41529763905613,-26.8843859089217,-0.451551510258454,2.63692624904871,-0.18469234747345,-0.220596586594091,16.0515818624929,2.68555729210058,-70.525018246101,-0.476133134340581,-0.458074905995539,-0.729651842662728,0.466334955939116,0.614836344451513,0.0646708573251729,-0.992633424324551,1.0764361285477,-0.0271913694573583,0.812990346704111,-0.392867753013155,-0.0118658614837701,-0.407235963685623,-33.4512859025238
26041,-0.32431272343617,-26.9904816977751,-0.42374365800022,4.40818426346821,-0.23118134086521,-0.214438680476235,15.8732257284817,3.26087966584787,-70.9402751515847,-0.400885205847199,-0.42653022537179,-0.205924012861634,1.52241412567348,0.401341916092189,-0.599388438719021,0.5592895987392,-0.380251922188586,0.163199454286251,-0.85690124631005,-0.313791660675986,-0.00239870119732046,-0.397768803399174,-32.8182668408112
26043,-0.367223922858666,-26.9680727812295,-0.436177321142856,7.5437228694592,-0.191504744250665,-0.220253607979534,15.8140865719879,4.32450110988223,-70.8403633979192,-0.430562409555761,-0.441526918591851,0.17177634587013,1.88884775257722,0.887191815909226,-0.984130791561951,0.801978557895986,-0.50988856969861,-0.207550145214477,-0.00521468195320332,-0.327821746501708,-0.00898144771386213,-0.404351549915716,-33.2590547714284
26045,-0.0402372986466444,-27.0400220754803,-0.332929708902709,334.615165561858,2.09993100249389,-0.207927323114369,15.7395959439276,2.71788019985318,-70.4429159121749,-0.244195893790434,-0.330988878133951,1.10920179567648,1.72362996636911,2.73417542402759,-1.87790947439782,1.12272104375222,-1.29530455320512,1.54075230443116,2.1696900745289,0.0756163434929212,-0.0337458794127924,-0.429115981614646,-34.8915589019501
26047,-0.337494166167728,-26.990522425104,-0.428331534255713,9.86530662975414,-0.0100404608664044,-0.214114028963219,15.4599437629027,3.1049320248072,-70.7771133117173,-0.452287310911644,-0.430603986545354,1.00064827123937,1.88003850520332,1.75108259946292,-1.66694404620111,-0.573770116576968,0.394401408388923,2.8556048546605,1.85440561335831,-0.27259774358446,-0.000325762999938758,-0.395695865201792,-32.6788588177918
26049,1.10948574034165,-27.0701020713325,0.0670466347016,3575.9382432196,4.34630012440458,-0.145459833870619,15.8233375231816,2.33028687604495,-71.0321670104707,0.561679431630558,0.0730885415113258,0.349171505689215,-0.28539160107819,0.718030353507739,0.312425624647429,0.55724907500267,-0.954976216692654,0.315752010080815,1.2217440950359,1.14732808437133,0.030522158306635,-0.364847943895218,-30.5697784257649
26051,-0.368368091577613,-26.9561278526188,-0.437606028660511,3.28116986173525,-0.23889207567898,-0.220295062137782,16.2147643930887,1.36504947567532,-70.9112295304829,-0.428714463766236,-0.442572145267454,-1.31140238126772,0.875809185062161,0.161269600980859,0.29533154256067,-0.212294097411398,0.6330922612323,0.0873048303884545,-0.553126063036171,-0.381705956421475,-0.00395437025487837,-0.399324472456732,-32.9226981329939
26053,-0.407098432006301,-26.8609035432925,-0.451663405030017,20.0974110665403,-0.279167564317896,-0.220615786414753,14.8309528282338,7.15963547985856,-70.4845466958195,-0.468030454691705,-0.458102154768834,-0.755679069477317,1.33104109028727,-0.527443572494699,0.283650699589283,-0.503895672618273,0.554977827695693,-1.16833682792063,-1.70231002272323,-0.359137049027308,0.0110742153556292,-0.384295886846224,-31.9070080837049
26055,-0.101497616653056,-27.0248953291088,-0.356144919370035,37.3189820123195,0.395708885644607,-0.212180519750618,15.3461595465373,3.58969139611004,-70.8180012511585,-0.285143961309207,-0.355840325745747,1.27509418760475,2.0039710663049,2.62030647462517,-1.67255758932663,0.806969526114985,-0.737382113071227,3.44182539787107,3.25504985678873,-0.14822343870574,-0.00146854027921354,-0.396838642481067,-32.7557479464074
26057,-0.293233868007736,-27.00206813425,-0.418311710111883,104.923369297559,-0.0181255031954061,-0.21748883380417,13.6696265397418,1.72247334893529,-70.7405119912637,-0.40926583992344,-0.428221090330874,-0.561841642142954,1.34787516201227,0.591502974022939,-0.0141547527875338,1.20671214712543,-1.14978501756982,-0.300237545089659,0.192186872275288,-0.302865743133159,-0.00398076565118481,-0.399350867853038,-32.9244686415931
26059,-0.287248765004466,-27.0281698282129,-0.408406068196617,14.0240556794238,0.00380891719716339,-0.217799085451689,15.6152570761792,4.43722553172049,-70.9667117136639,-0.402790711134007,-0.418469739475327,0.0791180979146881,1.83439671672504,0.819529858087355,-0.101589437995285,0.741691379040672,-0.570813669735281,0.513994001813851,0.42132613221896,-0.255340832370443,-0.00186832284408463,-0.397238425045938,-32.782625652989
26061,-0.310876766220038,-27.0028559289262,-0.423448004183025,14.8001138420206,0.0142895276236471,-0.218259008428462,15.261769048399,4.32405330173446,-70.842751663905,-0.449287028991897,-0.435976101258677,0.0801965094144592,1.22841835334869,0.125960856537995,0.55556582865859,-0.550175356124709,-0.00141064460643334,0.00159624650387483,-0.00800480992816432,-0.28336326337407,-0.00110855418846627,-0.39647865639032,-32.7315365933717
26063,-0.34517087332411,-26.9709173584096,-0.430349071329343,5.52366489208403,-0.0472466278804213,-0.219924592870912,15.6938220379768,1.07581153462602,-70.7707909532154,-0.423011576654835,-0.433378218523197,0.0745237648704756,1.63774401485753,0.530255613250769,-0.709946934327006,-0.218732770510575,0.43134901810686,-0.112027601343113,-0.344912762904706,-0.296289435251163,-0.00392028466573288,-0.399290386867586,-32.9204117246749
26065,0.652476894976277,-27.0284828202553,-0.134696207240649,1487.76015413267,7.69994573787326,-0.171465554598076,15.4745571338312,4.44332968120171,-70.3282791714042,0.0904106275931526,-0.121341380674651,1.2223994877168,0.809781637781576,1.22243223127671,0.274359804732414,-0.20806815066678,-1.14553234526543,0.981465629184327,2.34442183896083,1.03184170205336,-0.0120338368512728,-0.407403939053126,-33.4624635084237
26067,-0.190161234062907,-27.0502101751417,-0.382089447280693,128.284202905409,0.557035424709409,-0.213580797580281,14.5178137316825,1.5900942551888,-70.8842948760072,-0.349395269307694,-0.400322951274391,0.552319015632945,1.58582877768363,1.89324145435211,-1.04600107681052,1.36406687967119,-1.16831487078804,0.858463997349968,1.03410798871977,-0.176340221328907,-0.0170219605343022,-0.412392062736156,-33.7935345718433
26069,-0.369718623392162,-26.9177006469598,-0.440745182149603,7.88808838109984,-0.218978915868661,-0.21993157462388,16.2608767167457,2.7684305872939,-70.4159443745955,-0.402438613448842,-0.440747505059936,-1.21612159770696,0.337801988677016,-0.232118151465153,-0.00247415987210693,-0.903380321526842,0.981837992856191,-0.452244880884958,-0.314221355180135,-0.318499806491074,0.00113881364322535,-0.394231288558628,-32.5801896101537
26071,-0.425397106277959,-26.8223526225035,-0.454781208920444,3.75570224141228,-0.277670334256969,-0.221719339743272,15.5264242361457,6.05409469342369,-70.4867716429348,-0.48554142798137,-0.462327425142534,-0.998891749327887,1.57805777953053,-0.196774378505976,-0.210716633426013,-0.793215366400091,0.973923834172792,-0.9600627882011,-1.36261194177173,-0.386612240637598,0.00187819957048454,-0.393491902631369,-32.5303219176698
26073,-0.204015936393866,-26.9824649916442,-0.395876522481415,78.1254713007971,0.802805739210452,-0.208867677967259,15.4487564335788,2.72539242239829,-70.4484306786075,-0.387304201326596,-0.391704492619514,0.852969849825309,0.576442071202375,0.205843387988343,1.7756871200916,-0.250216051300962,-0.799837498780703,0.789657233442628,0.827638518572656,-0.15841341361615,-0.00349940051943875,-0.398869502721292,-32.8921730472409
26075,0.184343932296328,-27.0479570722908,-0.266809429979919,559.250226155224,1.23745162589734,-0.205110622151305,14.8019046725105,2.42658628574203,-70.9490630294455,-0.0340951678219929,-0.27378045486625,0.227989323151989,1.04042237544501,1.24962311706419,-0.825232516596281,0.903277273416613,-0.990584239118413,0.838290857377134,1.38217645359616,0.130245931207061,0.00905344731839942,-0.386316654883454,-32.0444692899458
26077,0.558461594620489,-27.0504625649823,-0.138663610785005,1280.86733195722,3.60509638274304,-0.180071437850368,15.4566326326582,4.04568209962304,-70.5578210951584,0.00203332126788036,-0.141355643002523,1.52565439651192,1.17078161120179,1.71219218922712,-0.488473531481817,0.281169233468992,-1.19228708226923,1.82295817605113,1.81848271568068,0.909099680192694,-0.00911483552715401,-0.404484937729007,-33.2679566064581
26079,-0.398520319383714,-26.9644409050069,-0.444817808715939,7.51571227760327,-0.239565829206397,-0.219969537905645,16.0309702530135,2.53223211715178,-70.909262928121,-0.473140440734476,-0.454460813109583,-0.0955702066719529,1.01482096183782,0.522308518612401,0.0751939076501469,-0.531624717451144,0.804125394672068,0.432211001923985,0.367267402704091,-0.372214183495668,-0.000547737681412966,-0.395917839883266,-32.6938007482357
26081,2.10347085031052,-27.0922991002033,0.430003727331782,2763.53551384876,36.4624838232967,-0.113179699022651,15.3490749271127,3.57746867900325,-69.639394029888,0.666102609654247,0.329021361246636,1.87924045680009,1.84141556547627,2.58998053662774,-1.22541819725884,0.930571800459763,-1.34484049925226,2.44854360320868,2.71341626364943,1.88314805968439,-0.0703899686269572,-0.465760070828811,-37.2342140587094
26083,-0.462145501142639,-26.0651764816951,-0.464285402132285,0.435623265546893,-0.334041046050842,-0.222211116967962,15.9665989194414,4.12423020473175,-70.4785768285294,-0.522620718376473,-0.475342573445239,-1.08984083667814,1.38862345225492,0.58324062273776,-1.41955134671931,-1.50688575521939,1.76138520626607,0.485751605851883,-1.11812697796578,-0.410454894895565,-0.00893389352044441,-0.404303995722298,-33.2558808841449
26085,-0.420888072639062,-26.8423087566908,-0.45460545597431,43.2786473501383,-0.204904953295954,-0.22038015225208,16.2104884058876,3.05248928360092,-70.5316442309649,-0.484759010769704,-0.464464856449849,-1.99353972568635,-0.0784140790136071,-0.77701299409122,1.66640596307935,-2.66712816326526,2.51400621665591,-0.593893036694205,-0.169483466479032,-0.397575898828242,0.00488955336989991,-0.390480548831953,-32.3268406229145
26087,-0.10897999856108,-27.0385771699317,-0.359108319912992,46.6679289647067,0.86067368106525,-0.212590261377933,15.3820044798692,1.7192058669962,-70.2674453743628,-0.313010086016579,-0.362392469598368,0.490757770053153,1.23281796486435,2.43297396938664,-1.50852812433484,1.98759367301134,-1.17096772528955,2.03613919576405,1.50145442452574,-0.221610128384597,-0.0195299508981381,-0.414900053099991,-33.9593717032704
26089,-0.383632941728515,-26.907395351786,-0.444606600186311,3.88257374570094,-0.0862494709675499,-0.219868302487607,15.3971103858597,4.42738746238114,-70.1916529218569,-0.465696022774332,-0.447564439736284,-0.136576683244319,1.89673093159486,3.16381331229236,-2.42304617255727,-0.320685043409058,0.849748995467852,5.6738470308653,3.09705886020656,-0.378328168441913,-0.00277855385803999,-0.398148656059893,-32.8437811547567
26091,-0.0694093017486371,-27.0384715470845,-0.34502520965224,104.832746794495,1.32197026283662,-0.21089631356405,15.1892579585546,4.31871713576084,-70.4917093656434,-0.243617149703162,-0.351276029035326,0.416468535194883,1.56146917029141,1.53429986913477,-1.0383490055744,1.14126455462637,-0.919399894273969,0.961619621211053,1.39996351943653,-0.074374426091134,-0.00378009567935737,-0.399150197881211,-32.9110072460013
26093,0.299910418602785,-27.0603573244894,-0.229114235462417,47.8410784589082,0.784015501945827,-0.207081221926549,15.272145161492,2.6338195248139,-70.6710619959972,-0.119638954728021,-0.230981101926911,1.36827333282966,2.13834815992743,5.07489910526235,-2.9558250506966,2.26527538335089,-1.32256988417774,4.51961629241966,3.94804789256967,-0.0806110681427828,-0.03743433208665,-0.432804434288503,-35.1312659597782
26095,-0.442076116864554,-26.7380951008849,-0.460007666921653,21.282094333859,-0.287327468149944,-0.219650122707354,12.9048676806944,3.39176039253885,-70.4407390563892,-0.50801407630232,-0.471679187656973,-1.94924873621779,0.185326884185432,0.195702632515913,0.074839574413714,-1.29620472133696,1.24187626660202,-0.693668296559843,0.423418728200181,-0.399245922494115,-0.00028283961761012,-0.395652941819463,-32.6759691046923
26097,-0.426553026228738,-26.8208252994715,-0.455836489082917,15.7821322388522,-0.255361606349169,-0.217818285272352,15.8539530355477,3.26484190543525,-68.8186401390462,-0.489291544321404,-0.461779879463454,-0.261410847757211,-0.528197727257863,0.608124005013155,-0.0292937210441897,-1.88390429106582,1.55616435556535,0.778643789457458,-0.363397360738822,-0.345776859700327,-0.0148042844119676,-0.410174386613821,-33.6465471493119
26099,2.9450608267933,-27.0519212818527,0.607571579973966,4591.30407349668,9.30243107208262,-0.120420213210122,15.5420620030274,2.64432823254557,-70.642369384202,1.53996076855565,0.648778736711711,1.1655995858028,1.30700906126953,2.45514264164784,-1.47881763384723,1.28609092092771,-1.34775337286612,1.95926317586757,3.19331827534272,2.74432359671939,0.051148728690752,-0.344221373511101,-29.1227992666727
26101,-0.368378696347804,-26.9389430842273,-0.440505189786063,32.8966038628293,-0.16500377217227,-0.217508033624832,15.028293759105,2.99137133841888,-70.2388136319021,-0.453530710414809,-0.447432044950811,-0.824805559078666,0.799227870647005,0.783371672123916,-1.04841579244494,-0.333046275176914,0.658469673998328,0.607335665688152,0.522468271311297,-0.354891226147972,-0.00312663941651986,-0.398496741618373,-32.8671531967277
26103,-0.200470790380675,-26.9856226004702,-0.395067143946396,47.4192718991954,-0.107135830317471,-0.208070885409776,15.2166552178563,3.83973713177419,-70.8299020797398,-0.335045923081087,-0.392082190843647,0.377181332962638,1.34776072835851,1.22487109172496,-0.537929003813212,-0.0606413713823694,-0.320537929569594,1.43628815257184,0.933314615624305,-0.181595606537331,-0.00237632228172922,-0.397746424483583,-32.8167633696526
26105,-0.354854748200629,-26.9853002944082,-0.431741560777836,12.7553406365372,-0.0266597145426856,-0.219215944944651,15.7561997365688,3.14895305229959,-70.7282025079065,-0.42819703109151,-0.438217358694819,0.0704988483859829,1.53632536652714,0.922373581980457,-0.366500828483875,-0.173359109854605,0.183198256330644,1.2000988488899,0.663718500043698,-0.315405073370134,-0.00162367617444836,-0.396993778376302,-32.7661791345023
26107,-0.300575521749177,-26.9856064671197,-0.419611176309062,51.1282037972961,-0.0420811841702258,-0.217500179152743,15.6999892179885,2.56705537956519,-70.7833562868162,-0.416053772999779,-0.42543003474179,-0.101411837301103,0.986145760761922,0.287858280369206,0.680877810705924,-0.015277004701343,-0.121444120631284,0.489895277846304,0.510261461420842,-0.294883596120004,0.00133240347865713,-0.394037698723196,-32.567136556727
26109,-0.375545514688804,-26.9502952236416,-0.440853455114248,4.21211012047666,-0.255511329355261,-0.218941038421532,15.8336482056662,9.62844173709606,-70.6946729427336,-0.439925243981148,-0.44491221559762,0.328076205456959,1.60675538346828,0.434251207167656,-0.845008397348385,0.24746272200315,-0.0697705829144602,-0.090654977371895,-0.817839454660595,-0.306186920140996,0.00547115723776645,-0.389898944964087,-32.2874702037858
26111,-0.139625204873341,-27.0379494330261,-0.362407595392053,54.5883357324411,0.664087374065635,-0.215480270747162,15.4939480820147,3.1267859182635,-70.7929061514834,-0.324083892625679,-0.36316262709051,0.59908643179758,1.50681789534082,2.41061264028574,-1.46577468266721,1.38799916042074,-1.21016835663114,1.08963727703866,1.40240488141462,-0.125531874206171,-0.0313111531049112,-0.426681255306765,-34.7328445329221
26113,-0.409462722527993,-26.9720868332087,-0.446441521942808,2.94504275946401,-0.171666445943392,-0.220614913695632,16.0019808145258,1.41147030921387,-70.8730373564279,-0.479956343519252,-0.458378089507696,0.21259812336991,0.730077042305465,0.498340256325666,-0.536566667593598,-0.2100267925057,0.423973522578381,0.37158253800563,0.773579789057787,-0.372855774508545,-0.00183200008381458,-0.397202102285668,-32.7801840880727
26115,0.132310624202006,-27.0520856616105,-0.276983276228387,155.66373260365,1.32316804688536,-0.208902150372539,15.5213627833546,7.26014045380507,-70.7609520532119,-0.133542485761059,-0.278699750726484,0.702790226816714,1.59349316276358,2.46985461849903,-1.55688611085682,1.74154482975115,-1.25248249150969,1.76069405213497,1.93706315461653,-0.0159896439192692,-0.00840875257192531,-0.403778854773779,-33.2208216093996
26117,-0.200598620853784,-27.0458428410556,-0.383711444914812,70.2858009448826,0.304078405915921,-0.216600842098541,15.2769205490055,1.66833676487728,-70.6126892901599,-0.323834518363886,-0.397900068323811,0.0506677732674937,1.79121674991405,0.881385839330452,-0.481508149378501,1.01428480518136,-0.693919804702737,0.337778898051152,0.64349007222523,-0.231894454914547,-6.48484564495632e-05,-0.395434950658303,-32.6612914612833
26119,-0.433076392973036,-26.7618263669511,-0.457661689147167,0.733853684718921,-0.310384811088208,-0.220927347140954,16.4264990654798,1.99135920311465,-70.3883345346531,-0.481879309538452,-0.465073662970942,-1.83268171919306,0.0557095775712171,-0.322771951681552,0.0973020013526743,-1.40012478161992,1.57907015127244,-0.109410545346637,0.0481465155679262,-0.403236996000692,-0.00120750631338191,-0.396577608515235,-32.7381926214461
26121,0.225114401217366,-27.0690632646023,-0.235137490985145,1028.08821727614,1.44309617476556,-0.19206739852823,15.324290028593,1.98510247178358,-70.8319812922648,-0.0321050654798777,-0.255516147063704,0.521624730858224,0.564096173192013,0.992903499575404,-0.249438924007649,1.04445763807,-0.976054941105913,0.5208637738046,1.21267617911728,0.0286386721235426,0.00972823278383731,-0.385641869418016,-31.9985984107658
26123,-0.272807647543507,-27.0399695607814,-0.402729934273574,23.5048171817213,2.10891438285945,-0.215723759381924,15.900234159821,1.78382243053423,-70.6079894102272,-0.381814933299152,-0.414802466901254,0.0233545294020436,1.44531018199301,0.806757585326958,-0.0296054602753559,0.723076613463957,-0.181992224692759,0.549106169766567,0.66964752199049,-0.290864217127566,-0.00462938539776964,-0.399999487599623,-32.9679610492028
26125,4.48340340803376,-27.0547057792446,1.07499835874632,7504.82413771001,19.803628411904,-0.056204231207425,15.3853493356877,4.11081820558717,-70.138991797037,2.18131586280353,1.15265454603351,1.5126819294806,1.78593994247732,4.55301361928897,-2.28853538745132,0.996382477849925,-1.28258848844451,4.3190843766897,4.31808861524887,5.64683416316804,0.0281425413064859,-0.367227560895367,-30.7347993401901
26127,-0.362589351669945,-27.0177276021635,-0.431800844038409,12.2412638918871,0.421685827201677,-0.21873202219205,15.8527724060975,3.20731436205525,-68.7032334533793,-0.455686595589137,-0.443232653543965,0.0743744070937295,1.12375213813181,0.847149843199654,0.0452564228111635,-0.291439217166902,0.58574626676057,0.395681261973178,0.44643728399361,-0.368223109989091,-0.00958647459653525,-0.404956576798389,-33.2994226244171
26129,-0.386529190452203,-26.9325882520195,-0.443295315461301,3.45252877661862,-0.255361606349168,-0.220534187176939,16.2300355118608,1.50715532124295,-70.6901644353974,-0.443404975137707,-0.447408140002462,-1.06615178524856,0.178030426481009,-0.280037161780467,0.393942471250114,-0.764646513049648,0.912730482550313,-0.267524345133712,0.316696333157923,-0.363750843222855,0.00264887923383362,-0.39272122296802,-32.4783043670195
26131,-0.44659546865823,-26.6056319901185,-0.461623945913272,1.13259269819754,-0.318170407405024,-0.221236726069353,15.963878811369,4.93251789687177,-69.920294857206,-0.503877625072623,-0.469695488549226,-1.91482439169038,0.598499358232021,-0.347353213003754,-0.0447960763592042,-0.935125148936801,1.29446197991708,-1.14849081994735,-1.54641162212229,-0.408511251533024,-0.00744470060440745,-0.402814802806261,-33.1564119689511
26133,-0.376428863384143,-27.0094822509495,-0.436076863656292,11.2773699956681,-0.223096298536208,-0.219809393946939,15.7594665131098,2.05061529730319,-70.9998280967959,-0.456829158451253,-0.448531730979915,-0.427721588883196,0.659156302366148,0.244322213157476,0.360050407763634,-0.0225834510413683,0.311320795165329,-0.237101069174683,-0.129375376838968,-0.36112786819962,-0.00356932407823555,-0.398939426280089,-32.8968653012731
26135,-0.436871754239644,-26.8037040394712,-0.456799127236908,1.76859790151468,-0.292717496369278,-0.22119134467506,16.3917474939839,2.3529859136439,-70.7649377703087,-0.493242839343663,-0.466655232819268,-1.34679325669077,-0.698644481298358,-0.265277020719345,-0.184143344424813,-1.77540528662153,1.86771305000594,-0.468492436863077,0.123479970891873,-0.3928583178512,-0.00426206297537446,-0.399632165177228,-32.9433341555491
26137,-0.371779388194073,-26.9890811929574,-0.435946478607316,7.86831619861328,-0.260452188556318,-0.218943656578896,15.9037678334166,2.19510963338725,-70.9861299148041,-0.462733117226671,-0.444653990732425,0.552693110630355,1.52188259861055,1.41164751926703,-0.877202570262721,-0.219085630774179,0.2537697010537,1.1102465930109,1.05817284250381,-0.343927567957328,-0.012592606773599,-0.407962708975452,-33.4996322971532
26139,0.677469758776925,-27.0862566074358,-0.0727600684129256,200.078645195922,14.5346512429955,-0.18665741269708,15.2531117152404,3.34594330819088,-70.2561081605327,-0.071630199458897,-0.123833710842752,1.78231360335738,2.21189748965993,3.43814789492172,-2.16204554504262,1.61073667049511,-1.30736304031487,3.06311558638106,2.66982051404066,0.44418207490526,-0.0574914047877435,-0.452861506989597,-36.4193817758574
26141,-0.419221977257489,-26.8389702968894,-0.453683229560646,2.46721501603921,-0.260152742544133,-0.221032946154597,16.0489819926696,1.77903326970133,-70.3782126079044,-0.479000338069057,-0.459167917742643,-1.38324823638048,0.402311271350789,0.500485752949798,-0.413337795994529,-0.385758602337847,0.897396801086243,-0.109301501346784,-1.0197749668484,-0.398321276622615,-0.016994607968648,-0.412364710170501,-33.7917236303841
26143,-0.375575609306912,-26.8894238076076,-0.44422859791713,3.01589308004079,-0.286204545604249,-0.219555432682725,16.6316920073836,1.98680462139608,-70.3494838399304,-0.39980429237452,-0.442254781171856,-1.82303835482098,0.00426101816339199,-0.189571639839247,0.273218542114455,-1.6013791414192,1.60912685917469,-0.00919910948158746,0.230551131931001,-0.366921057639427,-0.000693317036509033,-0.396063419238362,-32.7035984281295
26145,0.276803484203608,-27.0478556873248,-0.226415417445745,1597.19424115006,4.80183237044139,-0.187098572212752,15.5725485287945,1.95303886022214,-70.8688499326812,0.0181943041336882,-0.221933695831706,0.224794095780646,0.732095747644779,0.602440628241474,0.232140607326661,0.813033611895857,-1.05267717098627,-0.141469481303465,1.18616996335515,0.25216709397772,0.0041369597182557,-0.391233142483598,-32.3777518529112
26147,0.167703614790158,-27.0447975752198,-0.270810382893602,159.013469853246,1.47079493089269,-0.201579600587693,15.7827904054628,1.48706619031934,-70.74372898998,-0.0788743011672456,-0.261196838587486,0.680501400286934,0.861073289151586,1.7526282327452,-1.01691417972176,1.36272388747828,-1.07635682587002,1.54424171242646,1.79302279790916,0.0243739789202972,-0.00313770829349272,-0.398507810495346,-32.8678962778372
26149,-0.226695527215901,-27.0714468581478,-0.380881479363498,59.6829680864738,1.64379986443272,-0.213863122215928,15.6285529153142,5.74295369054097,-70.0116088079618,-0.361284926234273,-0.39658828584153,0.893994457197901,1.71553663057133,1.11361176678781,-0.542832952304081,0.751325806187572,-0.821279174158101,0.496219829837787,0.582456022772959,-0.140146940073045,-0.00935120509250519,-0.404721307294359,-33.2837281665182
26151,-0.306030959473735,-27.0208779734868,-0.414776254697615,9.02828423782382,0.226222442747756,-0.218492897152893,15.8284562455275,1.14670934719786,-70.7877529995292,-0.410569580170102,-0.421619429880715,0.178564672193459,0.92617673886643,0.551456622748828,-0.2391709890867,0.484155450676145,-0.246508646877887,0.271480146140434,0.217646790046807,-0.307517277976521,-0.00477056780850053,-0.400140670010354,-32.9774241260324
26153,-0.438784625489707,-26.7944395874681,-0.457780255668311,1.5675807129015,-0.322212928569525,-0.218102791705801,16.1400108915791,2.57035460566783,-70.6046673936691,-0.501989535736642,-0.467962585161755,-0.946127293107912,-0.185585363432846,0.260531659081022,0.343850051494265,-0.759091234174707,0.963817090188107,-0.00156602949186683,-0.871200652181725,-0.39960445864837,-0.0133953791884628,-0.408765481390316,-33.5529955357896
26155,-0.199343531970951,-27.0363350779759,-0.381780831207167,19.1384602159429,0.0968617654837291,-0.21563430567202,15.689954752489,1.31026924325471,-70.8567822454712,-0.343306527207456,-0.383195204994979,0.593050277784023,1.74701944839544,1.40213727708822,-1.12028500251898,1.29929367602967,-1.14120774280758,0.468631697874939,0.824499624600825,-0.163385743965952,-0.0157208429224094,-0.411090945124263,-33.7073361086447
26157,-0.25549063105301,-27.0195851942169,-0.402096499306107,26.3009333216932,-0.0554813932155156,-0.216637059942062,15.8709490654124,0.865514380102056,-70.8905496754673,-0.37470761008006,-0.404575687433448,0.0933697344734656,1.03340846647948,0.865544192828185,-0.388029996386119,1.66361893222512,-0.982022141613982,-0.118025021335037,0.439461964056207,-0.278994783389329,-0.0092531530085543,-0.404623255210408,-33.2771861763088
26159,-0.169481645575745,-27.0630879215374,-0.364794366149698,114.885253907029,5.30744696201618,-0.205302183998367,15.6241750884184,4.61545364967691,-69.1618771613728,-0.296482803468392,-0.380142493616277,0.706134933048462,1.48017995888967,1.44339211217511,-0.283292508631628,0.549563112177298,-0.385482880908908,1.0392589491065,0.658138244093776,-0.194870879406726,-0.0164540469660571,-0.41182414916791,-33.7559243431523
26161,0.993128195502057,-27.0204568123741,-0.0626941138862717,1923.13043103135,5.78049679976582,-0.169416846461501,14.984970801105,6.56316104882552,-70.0348424827697,0.0796609296379204,-0.0222503292135409,1.23641757769006,1.84714422514007,3.65956314653218,-1.05590997791391,0.116211254011254,-1.27847441158078,5.08271950766135,4.83705241859162,1.51628065742379,-0.0229129019439601,-0.418283004145814,-34.1824064453192
26163,6.3763566067558,-27.0809873480883,1.94057189676615,30101.5897639603,65.2057825024373,0.249970508938306,15.7511476119178,3.30103421715331,-70.4698909893817,3.42056396239059,1.65303516309616,0.527292011608821,-0.451905526792394,0.558405404672293,1.06540262238865,-0.242993873497538,-0.726060776317959,0.304411434096087,2.35662864885129,7.06155178172518,0.0938199406750112,-0.301550161526842,-26.0329277588745
26165,-0.336675019324353,-27.0304275336578,-0.421683421729265,12.2462069375087,-0.210145258509196,-0.21855922380609,15.7296046726351,2.23828944877143,-71.2518243353433,-0.419499356444023,-0.434004097161934,0.234385097781318,1.07593793541036,0.634684377507007,-0.0842921912168781,0.494142127394829,-0.330004677297296,0.127433022334416,0.729286507455281,-0.328991706584014,-0.00260548255025891,-0.397975584752112,-32.8321573342896
